"file","line","component","control","label","handlers","category","flows","mode"
"src/app/verification-status/page.tsx","36","VerificationStatusPage","Link","Continue <span aria-hidden=""true"">↗</span>","href={destination}","Account access","account_access / invitation_access","Human credential or invitation handoff"
"src/app/verification-status/page.tsx","40","VerificationStatusPage","Link","Return to sign in","href=""/sign-in""","Account access","account_access / invitation_access","Human credential or invitation handoff"
"src/components/auth-forms.tsx","64","SignUpForm","form","<FormControl label=""Full name"" name=""name"" autoComplete=""name"" maxLength={100} /> <FormControl label=""Work email"" name=""email"" type=""email"" autoComplete=""email"" maxLength={254} /> <FormControl label=""Password"" name=""password"" type=""password"" autoComplete=""new-password"" minLength={8} maxLength={128} hint=""8–128 characte","onSubmit={submit}","Account access","account_access / invitation_access","Human credential or invitation handoff"
"src/components/auth-forms.tsx","99","SignUpForm","Link","Sign in","href={`/sign-in?callbackURL=${encodeURIComponent(callbackURL)}`}","Account access","account_access / invitation_access","Human credential or invitation handoff"
"src/components/auth-forms.tsx","141","SignInForm","form","<FormControl label=""Work email"" name=""email"" type=""email"" autoComplete=""email"" maxLength={254} /> <FormControl label=""Password"" name=""password"" type=""password"" autoComplete=""current-password"" minLength={8} maxLength={128} /> <SubmitButton pending={pending}>Sign in</SubmitButton> <FormStatus status={status} /> <div clas","onSubmit={submit}","Account access","account_access / invitation_access","Human credential or invitation handoff"
"src/components/auth-forms.tsx","160","SignInForm","Link","Forgot password?","href=""/forgot-password""","Account access","account_access / invitation_access","Human credential or invitation handoff"
"src/components/auth-forms.tsx","161","SignInForm","Link","Create account","href={`/sign-up?callbackURL=${encodeURIComponent(callbackURL)}`}","Account access","account_access / invitation_access","Human credential or invitation handoff"
"src/components/auth-forms.tsx","190","ForgotPasswordForm","form","<FormControl label=""Work email"" name=""email"" type=""email"" autoComplete=""email"" maxLength={254} /> <SubmitButton pending={pending}>Send reset link</SubmitButton> <FormStatus status={status} /> <p className=""form-alternative""> <Link href=""/sign-in"">Return to sign in</Link> </p>","onSubmit={submit}","Account access","account_access / invitation_access","Human credential or invitation handoff"
"src/components/auth-forms.tsx","201","ForgotPasswordForm","Link","Return to sign in","href=""/sign-in""","Account access","account_access / invitation_access","Human credential or invitation handoff"
"src/components/auth-forms.tsx","249","ResetPasswordForm","form","<FormControl label=""New password"" name=""password"" type=""password"" autoComplete=""new-password"" minLength={8} maxLength={128} hint=""8–128 characters"" disabled={!token} /> <FormControl label=""Confirm password"" name=""confirmPassword"" type=""password"" autoComplete=""new-password"" minLength={8} maxLength={128} disabled={!token","onSubmit={submit}","Account access","account_access / invitation_access","Human credential or invitation handoff"
"src/components/auth-forms.tsx","286","SignOutButton","button","{pending ? ""Signing out…"" : ""Sign out""}","onClick={signOut}","Account access","account_access / invitation_access","Human credential or invitation handoff"
"src/components/auth-forms.tsx","314","FormControl","Input","Dynamic/reusable control","","Account access","account_access / invitation_access","Human credential or invitation handoff"
"src/components/auth-forms.tsx","329","SubmitButton","Button","{pending ? ""Please wait…"" : children} <span aria-hidden=""true"">↗</span>","","Account access","account_access / invitation_access","Human credential or invitation handoff"
"src/components/auth-shell.tsx","18","AuthShell","a","Skip to content","href=""#main-content""","Account access","account_access / invitation_access","Human credential or invitation handoff"
"src/components/auth-shell.tsx","23","AuthShell","Link","Back to the public site","href=""/""","Account access","account_access / invitation_access","Human credential or invitation handoff"
"src/components/client-invitation-acceptance.tsx","81","ClientInvitationAcceptance","Link","Sign in","href=""/sign-in?callbackURL=%2Fclient%2Finvitations%2Faccept""","Account access","account_access / invitation_access","Human credential or invitation handoff"
"src/components/client-invitation-acceptance.tsx","87","ClientInvitationAcceptance","Link","Create account","href=""/sign-up?callbackURL=%2Fclient%2Finvitations%2Faccept""","Account access","account_access / invitation_access","Human credential or invitation handoff"
"src/components/platform-forms.tsx","712","InvitationAcceptance","Link","Sign in <span aria-hidden=""true"">↗</span>","href=""/sign-in?callbackURL=%2Finvitations%2Faccept""","Account access","invitation_access","Human invitation handoff"
"src/components/platform-forms.tsx","718","InvitationAcceptance","Link","Create account","href=""/sign-up?callbackURL=%2Finvitations%2Faccept""","Account access","invitation_access","Human invitation handoff"
"src/components/billing-workspace.tsx","168","BillingWorkspace","button","{pending === ""portal"" ? ""Opening…"" : ""Manage with provider""}","onClick={portal}","Administration","workspace_billing","Business flow / supporting control"
"src/components/billing-workspace.tsx","239","BillingWorkspace","button","{pending === plan.key ? ""Preparing…"" : ""Open sandbox checkout""}","onClick={() => checkout(plan.key)}","Administration","workspace_billing","Business flow / supporting control"
"src/components/delivery-workspace.tsx","218","WorkspaceMemberPicker","select","{name}","onChange={(event) => setSelectedUserId(event.target.value)}","Administration","workspace_members","Business flow / supporting control"
"src/components/delivery-workspace.tsx","237","WorkspaceMemberPicker","input","Dynamic/reusable control","onChange={(event) => setSearch(event.target.value)}; onKeyDown={(event) => { if (event.key === ""Enter"") { event.preventDefault(); void load(1); } }}","Administration","workspace_members","Business flow / supporting control"
"src/components/delivery-workspace.tsx","250","WorkspaceMemberPicker","button","{loading ? ""Loading…"" : ""Search""}","onClick={() => void load(1)}","Administration","workspace_members","Business flow / supporting control"
"src/components/delivery-workspace.tsx","259","WorkspaceMemberPicker","button","Previous","onClick={() => void load(pageInfo.number - 1)}","Administration","workspace_members","Business flow / supporting control"
"src/components/delivery-workspace.tsx","274","WorkspaceMemberPicker","button","Next","onClick={() => void load(pageInfo.number + 1)}","Administration","workspace_members","Business flow / supporting control"
"src/app/app/[workspaceSlug]/settings/members/page.tsx","46","MembersPage","form","<label> Search directory <input name=""query"" defaultValue={filters.query} maxLength={120} /> </label> <label> Access status <select name=""status"" defaultValue={filters.status ?? """"}> <option value="""">All</option> <option value=""active"">Active</option> <option value=""suspended"">Suspended</option> </select> </label> <lab","","Administration","workspace_members, workspace_invitations","Business flow / supporting control"
"src/app/app/[workspaceSlug]/settings/members/page.tsx","49","MembersPage","input","""query""","","Administration","workspace_members, workspace_invitations","Business flow / supporting control"
"src/app/app/[workspaceSlug]/settings/members/page.tsx","53","MembersPage","select","""status""","","Administration","workspace_members, workspace_invitations","Business flow / supporting control"
"src/app/app/[workspaceSlug]/settings/members/page.tsx","61","MembersPage","select","""role""","","Administration","workspace_members, workspace_invitations","Business flow / supporting control"
"src/app/app/[workspaceSlug]/settings/members/page.tsx","70","MembersPage","select","""invitationState""","","Administration","workspace_members, workspace_invitations","Business flow / supporting control"
"src/app/app/[workspaceSlug]/settings/members/page.tsx","81","MembersPage","button","Apply filters","","Administration","workspace_members, workspace_invitations","Business flow / supporting control"
"src/components/platform-forms.tsx","375","MemberManagement","form","<label className=""platform-field"" htmlFor=""invite-email""> <span>Teammate email</span> <input id=""invite-email"" name=""email"" type=""email"" autoComplete=""email"" required maxLength={254} /> </label> <label className=""platform-field"" htmlFor=""invite-role""> <span>Starting role</span> <select id=""invite-role"" name=""role"" defa","onSubmit={invite}","Administration","workspace_members, workspace_invitations","Business flow / supporting control"
"src/components/platform-forms.tsx","378","MemberManagement","input","""email""","","Administration","workspace_members, workspace_invitations","Business flow / supporting control"
"src/components/platform-forms.tsx","389","MemberManagement","select","""role""","","Administration","workspace_members, workspace_invitations","Business flow / supporting control"
"src/components/platform-forms.tsx","396","MemberManagement","button","{pending === ""invite"" ? ""Sending…"" : ""Invite teammate""} <span aria-hidden=""true"">↗</span>","","Administration","workspace_members, workspace_invitations","Business flow / supporting control"
"src/components/platform-forms.tsx","425","MemberManagement","input","Dynamic/reusable control","onFocus={(event) => event.currentTarget.select()}","Administration","workspace_members, workspace_invitations","Business flow / supporting control"
"src/components/platform-forms.tsx","455","MemberManagement","select","{`Role for ${member.name}`}","onChange={(event) => void changeRole( member.id, event.target.value as WorkspaceRole, ) }","Administration","workspace_members, workspace_invitations","Business flow / supporting control"
"src/components/platform-forms.tsx","474","MemberManagement","button","{member.status === ""active"" ? isSelf ? ""Suspend my access"" : ""Suspend access"" : ""Reactivate""}","onClick={() => void changeStatus( member.id, member.status === ""active"" ? ""suspended"" : ""active"", ) }","Administration","workspace_members, workspace_invitations","Business flow / supporting control"
"src/components/platform-forms.tsx","506","MemberManagement","Link","Previous members","href={workspaceDirectoryHref( workspaceSlug, filters, memberPage.number - 1, invitationPage.number, )}","Administration","workspace_members, workspace_invitations","Business flow / supporting control"
"src/components/platform-forms.tsx","523","MemberManagement","Link","Next members","href={workspaceDirectoryHref( workspaceSlug, filters, memberPage.number + 1, invitationPage.number, )}","Administration","workspace_members, workspace_invitations","Business flow / supporting control"
"src/components/platform-forms.tsx","560","MemberManagement","button","Reissue","onClick={() => void reissueInvitation(invitation.id)}","Administration","workspace_members, workspace_invitations","Business flow / supporting control"
"src/components/platform-forms.tsx","570","MemberManagement","button","Revoke","onClick={() => void revokeInvitation(invitation.id)}","Administration","workspace_members, workspace_invitations","Business flow / supporting control"
"src/components/platform-forms.tsx","591","MemberManagement","Link","Previous invitations","href={workspaceDirectoryHref( workspaceSlug, filters, memberPage.number, invitationPage.number - 1, )}","Administration","workspace_members, workspace_invitations","Business flow / supporting control"
"src/components/platform-forms.tsx","608","MemberManagement","Link","Next invitations","href={workspaceDirectoryHref( workspaceSlug, filters, memberPage.number, invitationPage.number + 1, )}","Administration","workspace_members, workspace_invitations","Business flow / supporting control"
"src/components/platform-forms.tsx","628","MemberManagement","Link","Clear filters","href={`/app/${workspaceSlug}/settings/members`}","Administration","workspace_members, workspace_invitations","Business flow / supporting control"
"src/components/platform-forms.tsx","134","WorkspaceSettingsForm","form","<label className=""platform-field"" htmlFor=""settings-name""> <span>Workspace name</span> <input id=""settings-name"" name=""name"" defaultValue={workspace.name} minLength={2} maxLength={100} required disabled={!canEdit} /> </label> <label className=""platform-field"" htmlFor=""settings-timezone""> <span> Default time zone{"" ""} <","onSubmit={submit}","Administration","workspace_settings","Business flow / supporting control"
"src/components/platform-forms.tsx","137","WorkspaceSettingsForm","input","""name""","","Administration","workspace_settings","Business flow / supporting control"
"src/components/platform-forms.tsx","152","WorkspaceSettingsForm","select","""timezone""","","Administration","workspace_settings","Business flow / supporting control"
"src/components/platform-forms.tsx","166","WorkspaceSettingsForm","button","{pending ? ""Saving…"" : ""Save settings""} <span aria-hidden=""true"">↗</span>","","Administration","workspace_settings","Business flow / supporting control"
"src/components/adoption-workspace.tsx","137","AdoptionWorkspace","a","Templates","href=""#templates""","Adoption & portability","project_templates, delivery_import, workspace_exports","Business flow / supporting control"
"src/components/adoption-workspace.tsx","138","AdoptionWorkspace","a","CSV import","href=""#import""","Adoption & portability","project_templates, delivery_import, workspace_exports","Business flow / supporting control"
"src/components/adoption-workspace.tsx","139","AdoptionWorkspace","a","Import history","href=""#history""","Adoption & portability","project_templates, delivery_import, workspace_exports","Business flow / supporting control"
"src/components/adoption-workspace.tsx","140","AdoptionWorkspace","a","Export","href=""#export""","Adoption & portability","project_templates, delivery_import, workspace_exports","Business flow / supporting control"
"src/components/adoption-workspace.tsx","165","AdoptionWorkspace","Link","<div> <strong>{item.sourceName}</strong> <span>{item.fileName}</span> </div> <div> <span className={`state-token state-${item.state}`}> {humanize(item.state)} </span> <span>{item.totalRows} rows</span> <span> {item.createdProjects} projects · {item.createdWorkItems}{"" ""} work items </span> </div>","href={`/app/${workspaceSlug}/settings/adoption/imports/${item.id}`}","Adoption & portability","project_templates, delivery_import, workspace_exports","Business flow / supporting control"
"src/components/adoption-workspace.tsx","334","TemplateLedger","summary","New project template","","Adoption & portability","project_templates, delivery_import, workspace_exports","Business flow / supporting control"
"src/components/adoption-workspace.tsx","335","TemplateLedger","TemplateForm","Dynamic/reusable control","onSubmit={createTemplate}","Adoption & portability","project_templates, delivery_import, workspace_exports","Business flow / supporting control"
"src/components/adoption-workspace.tsx","344","TemplateLedger","summary","<span> <strong>{template.name}</strong> <small> {template.description || ""No template description""} </small> </span> <span> v{template.version} · {template.definition.milestones.length}{"" ""} milestones · {template.definition.workItems.length} work items </span>","","Adoption & portability","project_templates, delivery_import, workspace_exports","Business flow / supporting control"
"src/components/adoption-workspace.tsx","357","TemplateLedger","form","<h3>Apply current snapshot</h3> <ProjectFields clients={clients} members={members} /> <button type=""submit"" disabled={Boolean(pending)}> {pending === `apply-${template.id}` ? ""Applying…"" : `Apply v${template.version}`} </button>","action={(data) => applyTemplate(template.id, data)}","Adoption & portability","project_templates, delivery_import, workspace_exports","Business flow / supporting control"
"src/components/adoption-workspace.tsx","363","TemplateLedger","button","{pending === `apply-${template.id}` ? ""Applying…"" : `Apply v${template.version}`}","","Adoption & portability","project_templates, delivery_import, workspace_exports","Business flow / supporting control"
"src/components/adoption-workspace.tsx","370","TemplateLedger","summary","Edit template definition","","Adoption & portability","project_templates, delivery_import, workspace_exports","Business flow / supporting control"
"src/components/adoption-workspace.tsx","371","TemplateLedger","TemplateForm","Dynamic/reusable control","onAction={(data) => updateTemplate(template.id, data)}","Adoption & portability","project_templates, delivery_import, workspace_exports","Business flow / supporting control"
"src/components/adoption-workspace.tsx","377","TemplateLedger","button","{pending === `archive-${template.id}` ? ""Archiving…"" : ""Archive template""}","onClick={() => archiveTemplate(template.id)}","Adoption & portability","project_templates, delivery_import, workspace_exports","Business flow / supporting control"
"src/components/adoption-workspace.tsx","416","TemplateForm","form","{template ? ( <input type=""hidden"" name=""originalDefinition"" value={JSON.stringify(template.definition)} /> ) : null} <label> <span>Template name</span> <input name=""name"" defaultValue={template?.name} required minLength={2} maxLength={120} /> </label> <label className=""adoption-span""> <span>Description</span> <textare","onSubmit={onSubmit}; action={onAction}","Adoption & portability","project_templates, delivery_import, workspace_exports","Business flow / supporting control"
"src/components/adoption-workspace.tsx","422","TemplateForm","input","""originalDefinition""","","Adoption & portability","project_templates, delivery_import, workspace_exports","Business flow / supporting control"
"src/components/adoption-workspace.tsx","430","TemplateForm","input","""name""","","Adoption & portability","project_templates, delivery_import, workspace_exports","Business flow / supporting control"
"src/components/adoption-workspace.tsx","440","TemplateForm","textarea","""description""","","Adoption & portability","project_templates, delivery_import, workspace_exports","Business flow / supporting control"
"src/components/adoption-workspace.tsx","449","TemplateForm","textarea","""projectSummary""","","Adoption & portability","project_templates, delivery_import, workspace_exports","Business flow / supporting control"
"src/components/adoption-workspace.tsx","461","TemplateForm","textarea","""discovery | Discovery complete | 14""","","Adoption & portability","project_templates, delivery_import, workspace_exports","Business flow / supporting control"
"src/components/adoption-workspace.tsx","475","TemplateForm","textarea","""cycle-1 | Cycle 1 | 0 | 14""","","Adoption & portability","project_templates, delivery_import, workspace_exports","Business flow / supporting control"
"src/components/adoption-workspace.tsx","490","TemplateForm","textarea","""brief | | Confirm delivery brief | Client goals are recorded | discovery | cycle-1 | discovery,client""","","Adoption & portability","project_templates, delivery_import, workspace_exports","Business flow / supporting control"
"src/components/adoption-workspace.tsx","499","TemplateForm","button","{pending ? ""Saving…"" : template ? ""Save new version"" : ""Create template""}","","Adoption & portability","project_templates, delivery_import, workspace_exports","Business flow / supporting control"
"src/components/adoption-workspace.tsx","518","ProjectFields","select","""clientId""","","Adoption & portability","project_templates, delivery_import, workspace_exports","Business flow / supporting control"
"src/components/adoption-workspace.tsx","528","ProjectFields","input","""key""","","Adoption & portability","project_templates, delivery_import, workspace_exports","Business flow / supporting control"
"src/components/adoption-workspace.tsx","532","ProjectFields","input","""name""","","Adoption & portability","project_templates, delivery_import, workspace_exports","Business flow / supporting control"
"src/components/adoption-workspace.tsx","536","ProjectFields","select","""leadUserId""","","Adoption & portability","project_templates, delivery_import, workspace_exports","Business flow / supporting control"
"src/components/adoption-workspace.tsx","546","ProjectFields","input","""startDate""","","Adoption & portability","project_templates, delivery_import, workspace_exports","Business flow / supporting control"
"src/components/adoption-workspace.tsx","550","ProjectFields","input","""targetDate""","","Adoption & portability","project_templates, delivery_import, workspace_exports","Business flow / supporting control"
"src/components/adoption-workspace.tsx","554","ProjectFields","textarea","""summary""","","Adoption & portability","project_templates, delivery_import, workspace_exports","Business flow / supporting control"
"src/components/adoption-workspace.tsx","631","ImportComposer","form","<label> <span>Preset</span> <select name=""sourceKind"" defaultValue=""jira_csv""> <option value=""jira_csv"">Jira CSV</option> <option value=""generic_csv"">Generic CSV</option> </select> </label> <label> <span>Source namespace</span> <input name=""sourceNamespace"" placeholder=""jira-acme-cloud"" required maxLength={160} /> </la","onSubmit={preview}","Adoption & portability","project_templates, delivery_import, workspace_exports","Business flow / supporting control"
"src/components/adoption-workspace.tsx","634","ImportComposer","select","""sourceKind""","","Adoption & portability","project_templates, delivery_import, workspace_exports","Business flow / supporting control"
"src/components/adoption-workspace.tsx","641","ImportComposer","input","""jira-acme-cloud""","","Adoption & portability","project_templates, delivery_import, workspace_exports","Business flow / supporting control"
"src/components/adoption-workspace.tsx","650","ImportComposer","input","""Jira active delivery export""","","Adoption & portability","project_templates, delivery_import, workspace_exports","Business flow / supporting control"
"src/components/adoption-workspace.tsx","659","ImportComposer","input","""file""","","Adoption & portability","project_templates, delivery_import, workspace_exports","Business flow / supporting control"
"src/components/adoption-workspace.tsx","663","ImportComposer","select","""clientId""","","Adoption & portability","project_templates, delivery_import, workspace_exports","Business flow / supporting control"
"src/components/adoption-workspace.tsx","673","ImportComposer","select","""defaultLeadUserId""","","Adoption & portability","project_templates, delivery_import, workspace_exports","Business flow / supporting control"
"src/components/adoption-workspace.tsx","683","ImportComposer","input","""defaultProjectKey""","","Adoption & portability","project_templates, delivery_import, workspace_exports","Business flow / supporting control"
"src/components/adoption-workspace.tsx","687","ImportComposer","input","""defaultProjectName""","","Adoption & portability","project_templates, delivery_import, workspace_exports","Business flow / supporting control"
"src/components/adoption-workspace.tsx","690","ImportComposer","summary","Explicit column and value mapping","","Adoption & portability","project_templates, delivery_import, workspace_exports","Business flow / supporting control"
"src/components/adoption-workspace.tsx","696","ImportComposer","textarea","""projectKey=Project key, issueKey=Issue key, title=Summary""","","Adoption & portability","project_templates, delivery_import, workspace_exports","Business flow / supporting control"
"src/components/adoption-workspace.tsx","706","ImportComposer","textarea","""Open=backlog, In Progress=in_progress, Done=done""","","Adoption & portability","project_templates, delivery_import, workspace_exports","Business flow / supporting control"
"src/components/adoption-workspace.tsx","716","ImportComposer","textarea","""Highest=urgent, High=high, Medium=medium, Low=low""","","Adoption & portability","project_templates, delivery_import, workspace_exports","Business flow / supporting control"
"src/components/adoption-workspace.tsx","723","ImportComposer","button","{pending === ""preview"" ? ""Parsing bounded preview…"" : ""Create dry-run preview""}","","Adoption & portability","project_templates, delivery_import, workspace_exports","Business flow / supporting control"
"src/components/adoption-workspace.tsx","733","ImportComposer","ImportLedger","Dynamic/reusable control","onResult={setResult}","Adoption & portability","project_templates, delivery_import, workspace_exports","Business flow / supporting control"
"src/components/adoption-workspace.tsx","766","ImportResultWorkspace","Link","Back to adoption","href={`/app/${workspaceSlug}/settings/adoption`}","Adoption & portability","project_templates, delivery_import, workspace_exports","Business flow / supporting control"
"src/components/adoption-workspace.tsx","773","ImportResultWorkspace","ImportLedger","Dynamic/reusable control","onResult={setResult}","Adoption & portability","project_templates, delivery_import, workspace_exports","Business flow / supporting control"
"src/components/adoption-workspace.tsx","900","ImportLedger","select","<option value="""">Keep unresolved</option> {members.map((member) => ( <option key={member.userId} value={member.userId}> Map to {member.name} ({member.email}) </option> ))}","onChange={(event) => setIdentityMappings((current) => ({ ...current, [identity.id]: event.target.value || null, })) }","Adoption & portability","project_templates, delivery_import, workspace_exports","Business flow / supporting control"
"src/components/adoption-workspace.tsx","954","ImportLedger","summary","{row.messages.length} notes","","Adoption & portability","project_templates, delivery_import, workspace_exports","Business flow / supporting control"
"src/components/adoption-workspace.tsx","972","ImportLedger","Link","Next 100 rows","href={`/app/${workspaceSlug}/settings/adoption/imports/${result.id}?page=${result.rowPageInfo.page + 1}`}","Adoption & portability","project_templates, delivery_import, workspace_exports","Business flow / supporting control"
"src/components/adoption-workspace.tsx","980","ImportLedger","button","{pending ? ""Committing bounded batches…"" : result.committedAnything ? ""Resume failed rows and skip existing source objects"" : ""Confirm import and skip existing source objects""}","onClick={confirm}","Adoption & portability","project_templates, delivery_import, workspace_exports","Business flow / supporting control"
"src/components/adoption-workspace.tsx","1020","ExportLedger","select","<option value="""">First 25 non-archived projects</option> {projects.map((project) => ( <option key={project.id} value={project.id}> {project.key} · {project.name} </option> ))}","onChange={(event) => { setProjectId(event.target.value); setProjectPage(1); }}","Adoption & portability","project_templates, delivery_import, workspace_exports","Business flow / supporting control"
"src/components/adoption-workspace.tsx","1038","ExportLedger","input","Dynamic/reusable control","onChange={(event) => setProjectPage(Math.max(1, Number(event.target.value) || 1)) }","Adoption & portability","project_templates, delivery_import, workspace_exports","Business flow / supporting control"
"src/components/adoption-workspace.tsx","1049","ExportLedger","a","Download CSV","href={href}","Adoption & portability","project_templates, delivery_import, workspace_exports","Business flow / supporting control"
"src/components/ai-delivery-workspace.tsx","236","AiDeliveryWorkspace","form","<div className=""section-heading""> <div> <p className=""eyebrow"">New analysis</p> <h2>Choose a bounded job</h2> </div> </div> <label> Job <select value={kind} onChange={(event) => setKind(event.target.value as JobKind)} > {allowedKinds.map((item) => ( <option key={item} value={item}> {labelForKind(item)} </option> ))} </","onSubmit={createJob}","AI assistance / Commercial","ai_analysis, ai_candidate_review, commercial_clarifications","Business flow / supporting control"
"src/components/ai-delivery-workspace.tsx","245","AiDeliveryWorkspace","select","{allowedKinds.map((item) => ( <option key={item} value={item}> {labelForKind(item)} </option> ))}","onChange={(event) => setKind(event.target.value as JobKind)}","AI assistance / Commercial","ai_analysis, ai_candidate_review, commercial_clarifications","Business flow / supporting control"
"src/components/ai-delivery-workspace.tsx","259","AiDeliveryWorkspace","select","{requests.map((item) => ( <option key={item.id} value={item.id}> {item.title} · {item.state.replaceAll(""_"", "" "")} </option> ))}","onChange={(event) => setRequestId(event.target.value)}","AI assistance / Commercial","ai_analysis, ai_candidate_review, commercial_clarifications","Business flow / supporting control"
"src/components/ai-delivery-workspace.tsx","275","AiDeliveryWorkspace","select","<option value="""">Whole project</option> {milestones.map((item) => ( <option key={item.id} value={item.id}> {item.name} · {item.status.replaceAll(""_"", "" "")} </option> ))}","onChange={(event) => setMilestoneId(event.target.value)}","AI assistance / Commercial","ai_analysis, ai_candidate_review, commercial_clarifications","Business flow / supporting control"
"src/components/ai-delivery-workspace.tsx","291","AiDeliveryWorkspace","select","{workItems.map((item) => ( <option key={item.id} value={item.id}> {item.identifier} · {item.title} </option> ))}","onChange={(event) => setWorkItemId(event.target.value)}","AI assistance / Commercial","ai_analysis, ai_candidate_review, commercial_clarifications","Business flow / supporting control"
"src/components/ai-delivery-workspace.tsx","304","AiDeliveryWorkspace","button","{pending ? ""Starting…"" : ""Run analysis""}","","AI assistance / Commercial","ai_analysis, ai_candidate_review, commercial_clarifications","Business flow / supporting control"
"src/components/ai-delivery-workspace.tsx","320","AiDeliveryWorkspace","button","<span>{labelForKind(job.kind)}</span> <small> {job.status} · {new Date(job.createdAt).toLocaleString()} </small>","onClick={() => setSelectedId(job.id)}","AI assistance / Commercial","ai_analysis, ai_candidate_review, commercial_clarifications","Business flow / supporting control"
"src/components/ai-delivery-workspace.tsx","338","AiDeliveryWorkspace","JobResult","Dynamic/reusable control","onMessage={setMessage}","AI assistance / Commercial","ai_analysis, ai_candidate_review, commercial_clarifications","Business flow / supporting control"
"src/components/ai-delivery-workspace.tsx","359","AiDeliveryWorkspace","button","Retry with current context","onClick={() => jobAction(""retry"")}","AI assistance / Commercial","ai_analysis, ai_candidate_review, commercial_clarifications","Business flow / supporting control"
"src/components/ai-delivery-workspace.tsx","364","AiDeliveryWorkspace","button","Cancel job","onClick={() => jobAction(""cancel"")}","AI assistance / Commercial","ai_analysis, ai_candidate_review, commercial_clarifications","Business flow / supporting control"
"src/components/ai-delivery-workspace.tsx","437","JobResult","ScopeResult","Dynamic/reusable control","onMessage={onMessage}","AI assistance / Commercial","ai_analysis, ai_candidate_review, commercial_clarifications","Business flow / supporting control"
"src/components/ai-delivery-workspace.tsx","456","JobResult","summary","Attempt and usage metadata","","AI assistance / Commercial","ai_analysis, ai_candidate_review, commercial_clarifications","Business flow / supporting control"
"src/components/ai-delivery-workspace.tsx","470","JobResult","button","Close evidence","onClick={() => setEvidenceKey("""")}","AI assistance / Commercial","ai_analysis, ai_candidate_review, commercial_clarifications","Business flow / supporting control"
"src/components/ai-delivery-workspace.tsx","508","EvidenceKeys","button","{key}","onClick={() => cite(key)}","AI assistance / Commercial","ai_analysis, ai_candidate_review, commercial_clarifications","Business flow / supporting control"
"src/components/ai-delivery-workspace.tsx","649","ScopeResult","input","Dynamic/reusable control","onChange={() => setWorkKeys((current) => current.includes(candidate.candidateKey) ? current.filter((key) => key !== candidate.candidateKey) : [...current, candidate.candidateKey], ) }","AI assistance / Commercial","ai_analysis, ai_candidate_review, commercial_clarifications","Business flow / supporting control"
"src/components/ai-delivery-workspace.tsx","669","ScopeResult","input","Dynamic/reusable control","onChange={() => setQuestionKeys((current) => current.includes(candidate.candidateKey) ? current.filter((key) => key !== candidate.candidateKey) : [...current, candidate.candidateKey], ) }","AI assistance / Commercial","ai_analysis, ai_candidate_review, commercial_clarifications","Business flow / supporting control"
"src/components/ai-delivery-workspace.tsx","687","ScopeResult","button","Preview selected drafts","onClick={() => action(""preview"")}","AI assistance / Commercial","ai_analysis, ai_candidate_review, commercial_clarifications","Business flow / supporting control"
"src/components/ai-delivery-workspace.tsx","706","ScopeResult","button","Confirm and create drafts","onClick={() => action(""confirm"")}","AI assistance / Commercial","ai_analysis, ai_candidate_review, commercial_clarifications","Business flow / supporting control"
"src/components/ai-delivery-workspace.tsx","844","ClarificationDrafts","button","Copy","onClick={() => navigator.clipboard.writeText(item.question)}","AI assistance / Commercial","ai_analysis, ai_candidate_review, commercial_clarifications","Business flow / supporting control"
"src/components/ai-delivery-workspace.tsx","853","ClarificationDrafts","button","Resolve","onClick={() => update(item.id, ""resolved"")}","AI assistance / Commercial","ai_analysis, ai_candidate_review, commercial_clarifications","Business flow / supporting control"
"src/components/ai-delivery-workspace.tsx","860","ClarificationDrafts","button","Dismiss","onClick={() => update(item.id, ""dismissed"")}","AI assistance / Commercial","ai_analysis, ai_candidate_review, commercial_clarifications","Business flow / supporting control"
"src/components/client-collaboration-workspace.tsx","342","ClientCollaborationWorkspace","form","<label> <span>Client summary</span> <textarea name=""summary"" required maxLength={2_000} rows={6} defaultValue={preview.project.summary ?? """"} /> </label> <button type=""submit"" disabled={pending}> Save client summary </button>","onSubmit={saveProfile}","Client collaboration","client_publication, client_participants, client_request_review, client_acceptance_publication, client_team_discussion","Business flow / supporting control"
"src/components/client-collaboration-workspace.tsx","345","ClientCollaborationWorkspace","textarea","""summary""","","Client collaboration","client_publication, client_participants, client_request_review, client_acceptance_publication, client_team_discussion","Business flow / supporting control"
"src/components/client-collaboration-workspace.tsx","353","ClientCollaborationWorkspace","button","Save client summary","","Client collaboration","client_publication, client_participants, client_request_review, client_acceptance_publication, client_team_discussion","Business flow / supporting control"
"src/components/client-collaboration-workspace.tsx","361","ClientCollaborationWorkspace","form","<label> <span>Email</span> <input name=""email"" type=""email"" required maxLength={320} /> </label> <label> <span>Role</span> <select name=""role""> <option value=""collaborator"">Collaborator</option> <option value=""approver"">Approver</option> </select> </label> <button type=""submit"" disabled={pending}> Create invitation </b","onSubmit={invite}","Client collaboration","client_publication, client_participants, client_request_review, client_acceptance_publication, client_team_discussion","Business flow / supporting control"
"src/components/client-collaboration-workspace.tsx","364","ClientCollaborationWorkspace","input","""email""","","Client collaboration","client_publication, client_participants, client_request_review, client_acceptance_publication, client_team_discussion","Business flow / supporting control"
"src/components/client-collaboration-workspace.tsx","368","ClientCollaborationWorkspace","select","""role""","","Client collaboration","client_publication, client_participants, client_request_review, client_acceptance_publication, client_team_discussion","Business flow / supporting control"
"src/components/client-collaboration-workspace.tsx","373","ClientCollaborationWorkspace","button","Create invitation","","Client collaboration","client_publication, client_participants, client_request_review, client_acceptance_publication, client_team_discussion","Business flow / supporting control"
"src/components/client-collaboration-workspace.tsx","379","ClientCollaborationWorkspace","input","""Copyable client invitation""","","Client collaboration","client_publication, client_participants, client_request_review, client_acceptance_publication, client_team_discussion","Business flow / supporting control"
"src/components/client-collaboration-workspace.tsx","384","ClientCollaborationWorkspace","button","Copy","onClick={() => void copyInvite()}","Client collaboration","client_publication, client_participants, client_request_review, client_acceptance_publication, client_team_discussion","Business flow / supporting control"
"src/components/client-collaboration-workspace.tsx","422","ClientCollaborationWorkspace","button","Continue review as open","onClick={() => void continueRequest(clientRequest.id)}","Client collaboration","client_publication, client_participants, client_request_review, client_acceptance_publication, client_team_discussion","Business flow / supporting control"
"src/components/client-collaboration-workspace.tsx","430","ClientCollaborationWorkspace","form","<input type=""hidden"" name=""requestId"" value={clientRequest.id} /> <label> <span>Client-visible clarification prompt</span> <textarea name=""prompt"" required maxLength={5_000} rows={3} /> </label> <button type=""submit"" disabled={pending}> Request clarification </button>","onSubmit={requestClarification}","Client collaboration","client_publication, client_participants, client_request_review, client_acceptance_publication, client_team_discussion","Business flow / supporting control"
"src/components/client-collaboration-workspace.tsx","434","ClientCollaborationWorkspace","input","""requestId""","","Client collaboration","client_publication, client_participants, client_request_review, client_acceptance_publication, client_team_discussion","Business flow / supporting control"
"src/components/client-collaboration-workspace.tsx","441","ClientCollaborationWorkspace","textarea","""prompt""","","Client collaboration","client_publication, client_participants, client_request_review, client_acceptance_publication, client_team_discussion","Business flow / supporting control"
"src/components/client-collaboration-workspace.tsx","448","ClientCollaborationWorkspace","button","Request clarification","","Client collaboration","client_publication, client_participants, client_request_review, client_acceptance_publication, client_team_discussion","Business flow / supporting control"
"src/components/client-collaboration-workspace.tsx","453","ClientCollaborationWorkspace","form","<input type=""hidden"" name=""requestId"" value={clientRequest.id} /> <label> <span>Other client-visible message</span> <textarea name=""body"" required maxLength={5_000} rows={2} /> </label> <button type=""submit"" disabled={pending}> Add shared message </button>","onSubmit={postClientVisibleMessage}","Client collaboration","client_publication, client_participants, client_request_review, client_acceptance_publication, client_team_discussion","Business flow / supporting control"
"src/components/client-collaboration-workspace.tsx","457","ClientCollaborationWorkspace","input","""requestId""","","Client collaboration","client_publication, client_participants, client_request_review, client_acceptance_publication, client_team_discussion","Business flow / supporting control"
"src/components/client-collaboration-workspace.tsx","464","ClientCollaborationWorkspace","textarea","""body""","","Client collaboration","client_publication, client_participants, client_request_review, client_acceptance_publication, client_team_discussion","Business flow / supporting control"
"src/components/client-collaboration-workspace.tsx","466","ClientCollaborationWorkspace","button","Add shared message","","Client collaboration","client_publication, client_participants, client_request_review, client_acceptance_publication, client_team_discussion","Business flow / supporting control"
"src/components/client-collaboration-workspace.tsx","493","ClientCollaborationWorkspace","select","{`Role for ${participant.name}`}","onChange={(event) => void changeParticipant( participant.id, ""PATCH"", event.target.value as ""collaborator"" | ""approver"", ) }","Client collaboration","client_publication, client_participants, client_request_review, client_acceptance_publication, client_team_discussion","Business flow / supporting control"
"src/components/client-collaboration-workspace.tsx","507","ClientCollaborationWorkspace","button","Revoke","onClick={() => void changeParticipant(participant.id, ""DELETE"") }","Client collaboration","client_publication, client_participants, client_request_review, client_acceptance_publication, client_team_discussion","Business flow / supporting control"
"src/components/client-collaboration-workspace.tsx","531","ClientCollaborationWorkspace","button","Rotate link","onClick={() => void reissue(invitation.id)}","Client collaboration","client_publication, client_participants, client_request_review, client_acceptance_publication, client_team_discussion","Business flow / supporting control"
"src/components/client-collaboration-workspace.tsx","546","ClientCollaborationWorkspace","form","<label> <span>Milestone</span> <select name=""milestoneId"" required> <option value="""">Choose milestone</option> {milestones.map((milestone) => ( <option value={milestone.id} key={milestone.id}> {milestone.name} </option> ))} </select> </label> <label> <span>Client-safe summary</span> <textarea name=""clientSummary"" requi","onSubmit={addMilestone}","Client collaboration","client_publication, client_participants, client_request_review, client_acceptance_publication, client_team_discussion","Business flow / supporting control"
"src/components/client-collaboration-workspace.tsx","549","ClientCollaborationWorkspace","select","""milestoneId""","","Client collaboration","client_publication, client_participants, client_request_review, client_acceptance_publication, client_team_discussion","Business flow / supporting control"
"src/components/client-collaboration-workspace.tsx","560","ClientCollaborationWorkspace","textarea","""clientSummary""","","Client collaboration","client_publication, client_participants, client_request_review, client_acceptance_publication, client_team_discussion","Business flow / supporting control"
"src/components/client-collaboration-workspace.tsx","567","ClientCollaborationWorkspace","button","Add to client view","","Client collaboration","client_publication, client_participants, client_request_review, client_acceptance_publication, client_team_discussion","Business flow / supporting control"
"src/components/client-collaboration-workspace.tsx","599","ClientCollaborationWorkspace","form","<input type=""hidden"" name=""requestId"" value={item.id} /> <input type=""hidden"" name=""decisionId"" value={item.decision!.id} /> <span className=""commercial-badge commercial-linked""> Internal: {item.decision!.disposition.replace(""_"", "" "")} </span> <h3>{item.title}</h3> <label> <span>Client title</span> <input name=""title"" ","onSubmit={publishPacket}","Client collaboration","client_publication, client_participants, client_request_review, client_acceptance_publication, client_team_discussion","Business flow / supporting control"
"src/components/client-collaboration-workspace.tsx","604","ClientCollaborationWorkspace","input","""requestId""","","Client collaboration","client_publication, client_participants, client_request_review, client_acceptance_publication, client_team_discussion","Business flow / supporting control"
"src/components/client-collaboration-workspace.tsx","605","ClientCollaborationWorkspace","input","""decisionId""","","Client collaboration","client_publication, client_participants, client_request_review, client_acceptance_publication, client_team_discussion","Business flow / supporting control"
"src/components/client-collaboration-workspace.tsx","616","ClientCollaborationWorkspace","input","""title""","","Client collaboration","client_publication, client_participants, client_request_review, client_acceptance_publication, client_team_discussion","Business flow / supporting control"
"src/components/client-collaboration-workspace.tsx","625","ClientCollaborationWorkspace","textarea","""requestSummary""","","Client collaboration","client_publication, client_participants, client_request_review, client_acceptance_publication, client_team_discussion","Business flow / supporting control"
"src/components/client-collaboration-workspace.tsx","634","ClientCollaborationWorkspace","textarea","""treatmentSummary""","","Client collaboration","client_publication, client_participants, client_request_review, client_acceptance_publication, client_team_discussion","Business flow / supporting control"
"src/components/client-collaboration-workspace.tsx","643","ClientCollaborationWorkspace","select","""impactAssessmentId""","","Client collaboration","client_publication, client_participants, client_request_review, client_acceptance_publication, client_team_discussion","Business flow / supporting control"
"src/components/client-collaboration-workspace.tsx","659","ClientCollaborationWorkspace","input","""includeScheduleDeltaDays""","","Client collaboration","client_publication, client_participants, client_request_review, client_acceptance_publication, client_team_discussion","Business flow / supporting control"
"src/components/client-collaboration-workspace.tsx","663","ClientCollaborationWorkspace","input","""includeTargetDate""","","Client collaboration","client_publication, client_participants, client_request_review, client_acceptance_publication, client_team_discussion","Business flow / supporting control"
"src/components/client-collaboration-workspace.tsx","667","ClientCollaborationWorkspace","input","""includeMonetaryAmount""","","Client collaboration","client_publication, client_participants, client_request_review, client_acceptance_publication, client_team_discussion","Business flow / supporting control"
"src/components/client-collaboration-workspace.tsx","671","ClientCollaborationWorkspace","button","Publish successor packet","","Client collaboration","client_publication, client_participants, client_request_review, client_acceptance_publication, client_team_discussion","Business flow / supporting control"
"src/components/client-collaboration-workspace.tsx","685","ClientCollaborationWorkspace","form","<input type=""hidden"" name=""projectItemId"" value={item.id} /> <span className=""client-chip"">{item.target}</span> <h3>{item.title}</h3> <label> <span>Acceptance title</span> <input name=""snapshotTitle"" required defaultValue={item.title} maxLength={240} /> </label> <label> <span>What is being accepted?</span> <textarea na","onSubmit={publishAcceptance}","Client collaboration","client_publication, client_participants, client_request_review, client_acceptance_publication, client_team_discussion","Business flow / supporting control"
"src/components/client-collaboration-workspace.tsx","690","ClientCollaborationWorkspace","input","""projectItemId""","","Client collaboration","client_publication, client_participants, client_request_review, client_acceptance_publication, client_team_discussion","Business flow / supporting control"
"src/components/client-collaboration-workspace.tsx","695","ClientCollaborationWorkspace","input","""snapshotTitle""","","Client collaboration","client_publication, client_participants, client_request_review, client_acceptance_publication, client_team_discussion","Business flow / supporting control"
"src/components/client-collaboration-workspace.tsx","704","ClientCollaborationWorkspace","textarea","""snapshotSummary""","","Client collaboration","client_publication, client_participants, client_request_review, client_acceptance_publication, client_team_discussion","Business flow / supporting control"
"src/components/client-collaboration-workspace.tsx","717","ClientCollaborationWorkspace","input","""packetIds""","","Client collaboration","client_publication, client_participants, client_request_review, client_acceptance_publication, client_team_discussion","Business flow / supporting control"
"src/components/client-collaboration-workspace.tsx","729","ClientCollaborationWorkspace","button","Publish successor target","","Client collaboration","client_publication, client_participants, client_request_review, client_acceptance_publication, client_team_discussion","Business flow / supporting control"
"src/components/collaboration-workspace.tsx","354","ProjectBriefWorkspace","form","<div> <p className=""eyebrow""> {editingNoteId ? ""Edit context note"" : ""New context note""} </p> <h2> {editingNoteId ? ""Refine the shared context"" : ""Capture a decision or constraint""} </h2> </div> <label> <span>Title</span> <input value={title} onChange={(event) => setTitle(event.target.value)} maxLength={120} required /","onSubmit={(event) => { event.preventDefault(); save(); }}","Collaboration","project_notes","Business flow / supporting control"
"src/components/collaboration-workspace.tsx","373","ProjectBriefWorkspace","input","Dynamic/reusable control","onChange={(event) => setTitle(event.target.value)}","Collaboration","project_notes","Business flow / supporting control"
"src/components/collaboration-workspace.tsx","382","ProjectBriefWorkspace","textarea","Dynamic/reusable control","onChange={(event) => setBody(event.target.value)}","Collaboration","project_notes","Business flow / supporting control"
"src/components/collaboration-workspace.tsx","390","ProjectBriefWorkspace","MentionControl","Dynamic/reusable control","onInsert={(mention) => setBody((value) => `${value}${value ? "" "" : """"}${mention} `) }","Collaboration","project_notes","Business flow / supporting control"
"src/components/collaboration-workspace.tsx","404","ProjectBriefWorkspace","button","{editingNoteId ? ""Save changes"" : ""Save note""}","","Collaboration","project_notes","Business flow / supporting control"
"src/components/collaboration-workspace.tsx","408","ProjectBriefWorkspace","button","Cancel","onClick={() => { setEditingNoteId(null); setTitle(""""); setBody(""""); }}","Collaboration","project_notes","Business flow / supporting control"
"src/components/collaboration-workspace.tsx","428","ProjectBriefWorkspace","button","{showingArchived ? ""Show active"" : ""Show archived""}","onClick={() => loadNotes(!showingArchived)}","Collaboration","project_notes","Business flow / supporting control"
"src/components/collaboration-workspace.tsx","459","ProjectBriefWorkspace","button","Edit","onClick={() => { setEditingNoteId(note.id); setTitle(note.title); setBody(note.body); }}","Collaboration","project_notes","Business flow / supporting control"
"src/components/collaboration-workspace.tsx","471","ProjectBriefWorkspace","button","{note.archivedAt ? ""Restore"" : ""Archive""}","onClick={() => toggleArchive(note)}","Collaboration","project_notes","Business flow / supporting control"
"src/components/collaboration-workspace.tsx","946","CommentRow","form","<label> <span>Edit comment</span> <textarea value={editBody} onChange={(event) => setEditBody(event.target.value)} rows={4} maxLength={10_000} required /> </label> <div className=""comment-actions""> <button type=""submit"" disabled={busy}> Save edit </button> <button type=""button"" className=""text-button"" onClick={() => { ","onSubmit={(event) => { event.preventDefault(); setBusy(true); void onEdit(comment.id, editBody) .then(() => setEditing(false)) .finally(() => setBusy(false)); }}","Collaboration","work_discussion","Business flow / supporting control"
"src/components/collaboration-workspace.tsx","958","CommentRow","textarea","Dynamic/reusable control","onChange={(event) => setEditBody(event.target.value)}","Collaboration","work_discussion","Business flow / supporting control"
"src/components/collaboration-workspace.tsx","967","CommentRow","button","Save edit","","Collaboration","work_discussion","Business flow / supporting control"
"src/components/collaboration-workspace.tsx","970","CommentRow","button","Cancel","onClick={() => { setEditing(false); setEditBody(comment.body ?? """"); }}","Collaboration","work_discussion","Business flow / supporting control"
"src/components/collaboration-workspace.tsx","999","CommentRow","button","Reply","onClick={onReply}","Collaboration","work_discussion","Business flow / supporting control"
"src/components/collaboration-workspace.tsx","1004","CommentRow","button","Edit","onClick={() => setEditing(true)}","Collaboration","work_discussion","Business flow / supporting control"
"src/components/collaboration-workspace.tsx","1013","CommentRow","button","{history ? ""Hide history"" : ""History""}","onClick={() => void toggleHistory()}","Collaboration","work_discussion","Business flow / supporting control"
"src/components/collaboration-workspace.tsx","1023","CommentRow","button","Delete","onClick={() => { if ( window.confirm( ""Delete this comment? Its version history remains available to authorized project members."", ) ) onDelete(comment.id); }}","Collaboration","work_discussion","Business flow / supporting control"
"src/components/collaboration-workspace.tsx","727","WorkCollaborationWorkspace","Link","← Back to backlog","href={`/app/${workspaceSlug}/projects/${project.key}/backlog`}","Collaboration","work_discussion, work_subscription, project_activity","Business flow / supporting control"
"src/components/collaboration-workspace.tsx","739","WorkCollaborationWorkspace","button","{watching ? ""Watching"" : ""Watch""}","onClick={toggleWatch}","Collaboration","work_discussion, work_subscription, project_activity","Business flow / supporting control"
"src/components/collaboration-workspace.tsx","764","WorkCollaborationWorkspace","CommentRow","Dynamic/reusable control","onDelete={remove}; onEdit={edit}; onReply={ comment.contextOnly ? undefined : () => setReplyTo(comment.id) }","Collaboration","work_discussion, work_subscription, project_activity","Business flow / supporting control"
"src/components/collaboration-workspace.tsx","780","WorkCollaborationWorkspace","CommentRow","Dynamic/reusable control","onDelete={remove}; onEdit={edit}","Collaboration","work_discussion, work_subscription, project_activity","Business flow / supporting control"
"src/components/collaboration-workspace.tsx","807","WorkCollaborationWorkspace","form","<div> <label htmlFor=""comment-body""> {replyTo ? ""Reply"" : ""Add a comment""} </label> {replyTo ? ( <button type=""button"" className=""text-button"" onClick={() => setReplyTo(null)} > Cancel reply </button> ) : null} </div> <textarea id=""comment-body"" value={body} onChange={(event) => setBody(event.target.value)} rows={5} ma","onSubmit={(event) => { event.preventDefault(); submit(); }}","Collaboration","work_discussion, work_subscription, project_activity","Business flow / supporting control"
"src/components/collaboration-workspace.tsx","819","WorkCollaborationWorkspace","button","Cancel reply","onClick={() => setReplyTo(null)}","Collaboration","work_discussion, work_subscription, project_activity","Business flow / supporting control"
"src/components/collaboration-workspace.tsx","828","WorkCollaborationWorkspace","textarea","Dynamic/reusable control","onChange={(event) => setBody(event.target.value)}","Collaboration","work_discussion, work_subscription, project_activity","Business flow / supporting control"
"src/components/collaboration-workspace.tsx","837","WorkCollaborationWorkspace","MentionControl","Dynamic/reusable control","onInsert={(mention) => setBody((value) => `${value}${value ? "" "" : """"}${mention} `) }","Collaboration","work_discussion, work_subscription, project_activity","Business flow / supporting control"
"src/components/collaboration-workspace.tsx","855","WorkCollaborationWorkspace","button","Comment","","Collaboration","work_discussion, work_subscription, project_activity","Business flow / supporting control"
"src/components/collaboration-workspace.tsx","184","MentionControl","input","""Search by name""","onChange={(event) => setQuery(event.target.value)}; onKeyDown={(event) => { if (event.key === ""Enter"") { event.preventDefault(); search(1); } }}","Collaboration","work_discussion, work_subscription, project_notes, project_activity, workspace_inbox","Business flow / supporting control"
"src/components/collaboration-workspace.tsx","197","MentionControl","button","{searching ? ""Searching…"" : ""Search members""}","onClick={() => search(1)}","Collaboration","work_discussion, work_subscription, project_notes, project_activity, workspace_inbox","Business flow / supporting control"
"src/components/collaboration-workspace.tsx","209","MentionControl","select","<option value="""">Choose a project member</option> {options.map((member) => ( <option key={member.userId} value={member.userId}> {member.name} </option> ))}","onChange={(event) => setUserId(event.target.value)}","Collaboration","work_discussion, work_subscription, project_notes, project_activity, workspace_inbox","Business flow / supporting control"
"src/components/collaboration-workspace.tsx","221","MentionControl","button","Insert mention","onClick={() => { const member = options.find( (candidate) => candidate.userId === userId, ); if (member) onInsert(`@[${member.name}](user:${member.userId})`); }}","Collaboration","work_discussion, work_subscription, project_notes, project_activity, workspace_inbox","Business flow / supporting control"
"src/components/collaboration-workspace.tsx","238","MentionControl","button","Previous matches","onClick={() => search(resultPage.number - 1)}","Collaboration","work_discussion, work_subscription, project_notes, project_activity, workspace_inbox","Business flow / supporting control"
"src/components/collaboration-workspace.tsx","249","MentionControl","button","Next matches","onClick={() => search(resultPage.number + 1)}","Collaboration","work_discussion, work_subscription, project_notes, project_activity, workspace_inbox","Business flow / supporting control"
"src/components/collaboration-workspace.tsx","535","Pagination","Link","Previous","href={href(page.number - 1)}","Collaboration","work_discussion, work_subscription, project_notes, project_activity, workspace_inbox","Business flow / supporting control"
"src/components/collaboration-workspace.tsx","543","Pagination","Link","Next","href={href(page.number + 1)}","Collaboration","work_discussion, work_subscription, project_notes, project_activity, workspace_inbox","Business flow / supporting control"
"src/components/collaboration-workspace.tsx","1099","InboxWorkspace","button","Mark all read","onClick={() => mark( items.filter((item) => !item.readAt).map((item) => item.id), true, ) }","Collaboration","workspace_inbox","Business flow / supporting control"
"src/components/collaboration-workspace.tsx","1146","InboxWorkspace","Link","Open","href={href}; onClick={() => { if (!item.readAt) mark([item.id], true); }}","Collaboration","workspace_inbox","Business flow / supporting control"
"src/components/collaboration-workspace.tsx","1154","InboxWorkspace","button","{item.readAt ? ""Mark unread"" : ""Mark read""}","onClick={() => mark([item.id], !item.readAt)}","Collaboration","workspace_inbox","Business flow / supporting control"
"src/components/collaboration-workspace.tsx","1202","InboxWorkspace","Link","Open {item.projectName}","href={`/app/${workspaceSlug}/projects/${item.projectKey}/client`}; onClick={() => { if (!item.readAt) markClient(item.id); }}","Collaboration","workspace_inbox","Business flow / supporting control"
"src/components/collaboration-workspace.tsx","1211","InboxWorkspace","button","Mark read","onClick={() => markClient(item.id)}","Collaboration","workspace_inbox","Business flow / supporting control"
"src/components/collaboration-workspace.tsx","1231","InboxWorkspace","Link","Previous","href={`/app/${workspaceSlug}/inbox?page=${page.number - 1}`}","Collaboration","workspace_inbox","Business flow / supporting control"
"src/components/collaboration-workspace.tsx","1241","InboxWorkspace","Link","Next","href={`/app/${workspaceSlug}/inbox?page=${page.number + 1}`}","Collaboration","workspace_inbox","Business flow / supporting control"
"src/components/commercial-workspace.tsx","488","CommercialWorkspace","summary","Add commercial source","","Commercial","commercial_evidence, commercial_scope, commercial_agreement, commercial_drift_ledger, work_commercial_basis","Business flow / supporting control"
"src/components/commercial-workspace.tsx","489","CommercialWorkspace","form","<fieldset> <legend>Source type</legend> <label> <input type=""radio"" name=""sourceMode"" value=""paste"" defaultChecked />{"" ""} Paste text </label> <label> <input type=""radio"" name=""sourceMode"" value=""file"" /> Upload file </label> </fieldset> <AppField id=""commercial-source-name"" label=""Source name""> <AppInput name=""pasteNa","onSubmit={createSource}","Commercial","commercial_evidence, commercial_scope, commercial_agreement, commercial_drift_ledger, work_commercial_basis","Business flow / supporting control"
"src/components/commercial-workspace.tsx","493","CommercialWorkspace","input","""sourceMode""","","Commercial","commercial_evidence, commercial_scope, commercial_agreement, commercial_drift_ledger, work_commercial_basis","Business flow / supporting control"
"src/components/commercial-workspace.tsx","502","CommercialWorkspace","input","""sourceMode""","","Commercial","commercial_evidence, commercial_scope, commercial_agreement, commercial_drift_ledger, work_commercial_basis","Business flow / supporting control"
"src/components/commercial-workspace.tsx","553","CommercialWorkspace","button","Inspect","onClick={() => loadSource(item.id)}","Commercial","commercial_evidence, commercial_scope, commercial_agreement, commercial_drift_ledger, work_commercial_basis","Business flow / supporting control"
"src/components/commercial-workspace.tsx","560","CommercialWorkspace","a","Original","href={`${base}/sources/${item.id}/download`}","Commercial","commercial_evidence, commercial_scope, commercial_agreement, commercial_drift_ledger, work_commercial_basis","Business flow / supporting control"
"src/components/commercial-workspace.tsx","562","CommercialWorkspace","button","Retry","onClick={async () => { const result = await apiRequest( `${base}/sources/${item.id}/retry`, ""POST"", {}, ); if (result.ok) refresh(""Source parsing retried.""); else setMessage(result.message); }}","Commercial","commercial_evidence, commercial_scope, commercial_agreement, commercial_drift_ledger, work_commercial_basis","Business flow / supporting control"
"src/components/commercial-workspace.tsx","601","CommercialWorkspace","form","<label> Ready source <select name=""sourceId"" required defaultValue=""""> <option value="""" disabled> Choose a parsed source </option> {readySources.map((item) => ( <option value={item.id} key={item.id}> {item.name} </option> ))} </select> </label> <button disabled={!readySources.length || pending}> Create baseline v1 </bu","onSubmit={createBaseline}","Commercial","commercial_evidence, commercial_scope, commercial_agreement, commercial_drift_ledger, work_commercial_basis","Business flow / supporting control"
"src/components/commercial-workspace.tsx","604","CommercialWorkspace","select","""sourceId""","","Commercial","commercial_evidence, commercial_scope, commercial_agreement, commercial_drift_ledger, work_commercial_basis","Business flow / supporting control"
"src/components/commercial-workspace.tsx","615","CommercialWorkspace","button","Create baseline v1","","Commercial","commercial_evidence, commercial_scope, commercial_agreement, commercial_drift_ledger, work_commercial_basis","Business flow / supporting control"
"src/components/commercial-workspace.tsx","620","CommercialWorkspace","form","<label> Amendment label <input name=""label"" required maxLength={160} placeholder=""e.g. Phase 2 signed amendment"" /> </label> <label> Amendment source <select name=""sourceId"" required defaultValue=""""> <option value="""" disabled> Choose a parsed amendment </option> {readySources.map((item) => ( <option value={item.id} key","onSubmit={createAmendment}","Commercial","commercial_evidence, commercial_scope, commercial_agreement, commercial_drift_ledger, work_commercial_basis","Business flow / supporting control"
"src/components/commercial-workspace.tsx","623","CommercialWorkspace","input","""e.g. Phase 2 signed amendment""","","Commercial","commercial_evidence, commercial_scope, commercial_agreement, commercial_drift_ledger, work_commercial_basis","Business flow / supporting control"
"src/components/commercial-workspace.tsx","632","CommercialWorkspace","select","""sourceId""","","Commercial","commercial_evidence, commercial_scope, commercial_agreement, commercial_drift_ledger, work_commercial_basis","Business flow / supporting control"
"src/components/commercial-workspace.tsx","648","CommercialWorkspace","input","""decisionIds""","","Commercial","commercial_evidence, commercial_scope, commercial_agreement, commercial_drift_ledger, work_commercial_basis","Business flow / supporting control"
"src/components/commercial-workspace.tsx","659","CommercialWorkspace","button","Prepare amendment draft","","Commercial","commercial_evidence, commercial_scope, commercial_agreement, commercial_drift_ledger, work_commercial_basis","Business flow / supporting control"
"src/components/commercial-workspace.tsx","670","CommercialWorkspace","button","Make version effective","onClick={activateVersion}","Commercial","commercial_evidence, commercial_scope, commercial_agreement, commercial_drift_ledger, work_commercial_basis","Business flow / supporting control"
"src/components/commercial-workspace.tsx","694","CommercialWorkspace","form","<div className=""scope-form-row""> <label> Kind <select name=""kind"" defaultValue={editing?.kind || ""deliverable""} key={editing?.id || ""new-kind""} > <option value=""deliverable"">Deliverable</option> <option value=""requirement"">Requirement</option> <option value=""exclusion"">Exclusion</option> <option value=""constraint"">Cons","onSubmit={saveScope}","Commercial","commercial_evidence, commercial_scope, commercial_agreement, commercial_drift_ledger, work_commercial_basis","Business flow / supporting control"
"src/components/commercial-workspace.tsx","698","CommercialWorkspace","select","""kind""","","Commercial","commercial_evidence, commercial_scope, commercial_agreement, commercial_drift_ledger, work_commercial_basis","Business flow / supporting control"
"src/components/commercial-workspace.tsx","711","CommercialWorkspace","input","""title""","","Commercial","commercial_evidence, commercial_scope, commercial_agreement, commercial_drift_ledger, work_commercial_basis","Business flow / supporting control"
"src/components/commercial-workspace.tsx","722","CommercialWorkspace","textarea","""details""","","Commercial","commercial_evidence, commercial_scope, commercial_agreement, commercial_drift_ledger, work_commercial_basis","Business flow / supporting control"
"src/components/commercial-workspace.tsx","732","CommercialWorkspace","input","""e.g. Deliverables, paragraph 2""","","Commercial","commercial_evidence, commercial_scope, commercial_agreement, commercial_drift_ledger, work_commercial_basis","Business flow / supporting control"
"src/components/commercial-workspace.tsx","746","CommercialWorkspace","button","{editing ? ""Preserve revision"" : ""Add scope item""}","","Commercial","commercial_evidence, commercial_scope, commercial_agreement, commercial_drift_ledger, work_commercial_basis","Business flow / supporting control"
"src/components/commercial-workspace.tsx","750","CommercialWorkspace","button","Cancel revision","onClick={() => setEditing(null)}","Commercial","commercial_evidence, commercial_scope, commercial_agreement, commercial_drift_ledger, work_commercial_basis","Business flow / supporting control"
"src/components/commercial-workspace.tsx","799","CommercialWorkspace","button","Evidence","onClick={() => inspectAnchor(item)}","Commercial","commercial_evidence, commercial_scope, commercial_agreement, commercial_drift_ledger, work_commercial_basis","Business flow / supporting control"
"src/components/commercial-workspace.tsx","807","CommercialWorkspace","button","Revise","onClick={() => { setEditing(item); inspectAnchor(item); }}","Commercial","commercial_evidence, commercial_scope, commercial_agreement, commercial_drift_ledger, work_commercial_basis","Business flow / supporting control"
"src/components/commercial-workspace.tsx","818","CommercialWorkspace","button","{item.archivedAt ? ""Restore"" : ""Retire""}","onClick={() => archiveScope(item)}","Commercial","commercial_evidence, commercial_scope, commercial_agreement, commercial_drift_ledger, work_commercial_basis","Business flow / supporting control"
"src/components/commercial-workspace.tsx","834","CommercialWorkspace","EvidenceInspector","Dynamic/reusable control","onSelectionChange={setSelection}","Commercial","commercial_evidence, commercial_scope, commercial_agreement, commercial_drift_ledger, work_commercial_basis","Business flow / supporting control"
"src/components/commercial-workspace.tsx","863","BaselineHistory","summary","<span className={`baseline-version version-${version.state}`}> {version.state === ""draft"" ? ""Draft"" : `v${version.versionNumber}`} </span> <strong>{version.label}</strong> <span>{version.sourceName}</span>","","Commercial","commercial_evidence, commercial_scope, commercial_agreement, commercial_drift_ledger, work_commercial_basis","Business flow / supporting control"
"src/components/commercial-workspace.tsx","931","BaselineHistory","summary","Inspect scope and authorized work","","Commercial","commercial_evidence, commercial_scope, commercial_agreement, commercial_drift_ledger, work_commercial_basis","Business flow / supporting control"
"src/components/commercial-workspace.tsx","964","BaselineHistory","Link","Previous","href={`?historyPage=${history.page.number - 1}`}","Commercial","commercial_evidence, commercial_scope, commercial_agreement, commercial_drift_ledger, work_commercial_basis","Business flow / supporting control"
"src/components/commercial-workspace.tsx","974","BaselineHistory","Link","Next","href={`?historyPage=${history.page.number + 1}`}","Commercial","commercial_evidence, commercial_scope, commercial_agreement, commercial_drift_ledger, work_commercial_basis","Business flow / supporting control"
"src/components/commercial-workspace.tsx","1004","DriftLedger","Link","<span className={`drift-state drift-${item.state}`}> {driftLabel(item.state)} </span> <strong> {projectKey}-{item.number} · {item.title} </strong> <span>{item.status.replaceAll(""_"", "" "")}</span>","href={`/app/${workspaceSlug}/projects/${projectKey}/work/${item.id}`}","Commercial","commercial_evidence, commercial_scope, commercial_agreement, commercial_drift_ledger, work_commercial_basis","Business flow / supporting control"
"src/components/commercial-workspace.tsx","1024","DriftLedger","Link","Previous","href={`?page=${drift.page.number - 1}`}","Commercial","commercial_evidence, commercial_scope, commercial_agreement, commercial_drift_ledger, work_commercial_basis","Business flow / supporting control"
"src/components/commercial-workspace.tsx","1032","DriftLedger","Link","Next","href={`?page=${drift.page.number + 1}`}","Commercial","commercial_evidence, commercial_scope, commercial_agreement, commercial_drift_ledger, work_commercial_basis","Business flow / supporting control"
"src/components/commercial-workspace.tsx","1076","EvidenceInspector","textarea","Dynamic/reusable control","onSelect={captureSelection}; onKeyUp={captureSelection}; onMouseUp={captureSelection}","Commercial","commercial_evidence, commercial_scope, commercial_agreement, commercial_drift_ledger, work_commercial_basis","Business flow / supporting control"
"src/components/commercial-workspace.tsx","1255","WorkCommercialPanel","form","<AppField id=""commercial-work-purpose"" label=""Work purpose""> <AppSelect name=""purpose"" defaultValue={provenance.purpose}> <option value=""unclassified"">Unclassified</option> <option value=""client_delivery"">Client delivery</option> <option value=""delivery_support"">Delivery support</option> <option value=""internal"">Intern","onSubmit={classify}","Commercial","commercial_evidence, commercial_scope, commercial_agreement, commercial_drift_ledger, work_commercial_basis","Business flow / supporting control"
"src/components/commercial-workspace.tsx","1268","WorkCommercialPanel","form","<AppField id=""commercial-basis"" label=""Commercial basis"" required> <AppSelect name=""basis"" defaultValue=""""> <option value="""" disabled> Choose scope or decision </option> {options.map((option) => ( <option value={ option.basisType === ""commercial_decision"" ? `commercial_decision:${option.decisionId}` : `baseline_scope_i","onSubmit={link}","Commercial","commercial_evidence, commercial_scope, commercial_agreement, commercial_drift_ledger, work_commercial_basis","Business flow / supporting control"
"src/components/commercial-workspace.tsx","1336","WorkCommercialPanel","button","Remove","onClick={() => unlink(link.id)}","Commercial","commercial_evidence, commercial_scope, commercial_agreement, commercial_drift_ledger, work_commercial_basis","Business flow / supporting control"
"src/components/commercial-change-control.tsx","291","CommercialChangeControl","summary","Record a client request","","Commercial","commercial_requests, commercial_decisions, commercial_impact, commercial_agreement","Business flow / supporting control"
"src/components/commercial-change-control.tsx","292","CommercialChangeControl","form","<label> Request title <input name=""title"" required maxLength={240} /> </label> <label className=""field-wide""> Original language or concise description <textarea name=""requestText"" required maxLength={10_000} rows={4} /> </label> <label> Client/requester label (optional) <input name=""externalRequester"" maxLength={160} /","onSubmit={createRequest}","Commercial","commercial_requests, commercial_decisions, commercial_impact, commercial_agreement","Business flow / supporting control"
"src/components/commercial-change-control.tsx","295","CommercialChangeControl","input","""title""","","Commercial","commercial_requests, commercial_decisions, commercial_impact, commercial_agreement","Business flow / supporting control"
"src/components/commercial-change-control.tsx","299","CommercialChangeControl","textarea","""requestText""","","Commercial","commercial_requests, commercial_decisions, commercial_impact, commercial_agreement","Business flow / supporting control"
"src/components/commercial-change-control.tsx","303","CommercialChangeControl","input","""externalRequester""","","Commercial","commercial_requests, commercial_decisions, commercial_impact, commercial_agreement","Business flow / supporting control"
"src/components/commercial-change-control.tsx","307","CommercialChangeControl","input","""receivedAt""","","Commercial","commercial_requests, commercial_decisions, commercial_impact, commercial_agreement","Business flow / supporting control"
"src/components/commercial-change-control.tsx","316","CommercialChangeControl","button","Record request","","Commercial","commercial_requests, commercial_decisions, commercial_impact, commercial_agreement","Business flow / supporting control"
"src/components/commercial-change-control.tsx","377","CommercialChangeControl","Link","Previous requests","href={`?requestPage=${ledger.page.number - 1}`}","Commercial","commercial_requests, commercial_decisions, commercial_impact, commercial_agreement","Business flow / supporting control"
"src/components/commercial-change-control.tsx","385","CommercialChangeControl","Link","Next requests","href={`?requestPage=${ledger.page.number + 1}`}","Commercial","commercial_requests, commercial_decisions, commercial_impact, commercial_agreement","Business flow / supporting control"
"src/components/commercial-change-control.tsx","463","RequestCard","Link","Analyze scope change","href={`/app/${workspaceSlug}/projects/${projectKey}/ai?kind=scope_change_analysis&requestId=${request.id}`}","Commercial","commercial_requests, commercial_decisions, commercial_impact, commercial_agreement","Business flow / supporting control"
"src/components/commercial-change-control.tsx","561","DecisionLedger","summary","Prior decisions ( {priorDecisions.length} )","","Commercial","commercial_requests, commercial_decisions, commercial_impact, commercial_agreement","Business flow / supporting control"
"src/components/commercial-change-control.tsx","595","RequestLinkedWork","Link","{projectKey} - {work.number} · {work.title} ( {work.status.replaceAll(""_"", "" "")} )","href={`/app/${workspaceSlug}/projects/${projectKey}/work/${work.id}`}","Commercial","commercial_requests, commercial_decisions, commercial_impact, commercial_agreement","Business flow / supporting control"
"src/components/commercial-change-control.tsx","632","RequestStateActions","button","Mark open","onClick={() => updateState(request.id, ""open"")}","Commercial","commercial_requests, commercial_decisions, commercial_impact, commercial_agreement","Business flow / supporting control"
"src/components/commercial-change-control.tsx","639","RequestStateActions","button","Needs clarification","onClick={() => updateState(request.id, ""needs_clarification"")}","Commercial","commercial_requests, commercial_decisions, commercial_impact, commercial_agreement","Business flow / supporting control"
"src/components/commercial-change-control.tsx","646","RequestStateActions","button","Withdraw","onClick={() => updateState(request.id, ""withdrawn"")}","Commercial","commercial_requests, commercial_decisions, commercial_impact, commercial_agreement","Business flow / supporting control"
"src/components/commercial-change-control.tsx","656","RequestStateActions","button","Reopen request","onClick={() => updateState(request.id, ""open"")}","Commercial","commercial_requests, commercial_decisions, commercial_impact, commercial_agreement","Business flow / supporting control"
"src/components/commercial-change-control.tsx","687","RequestDecisionEditor","summary","{request.currentDecision ? ""Correct/supersede decision"" : ""Confirm decision""}","","Commercial","commercial_requests, commercial_decisions, commercial_impact, commercial_agreement","Business flow / supporting control"
"src/components/commercial-change-control.tsx","692","RequestDecisionEditor","form","<label> Disposition <select name=""disposition"" defaultValue={request.currentDecision?.disposition ?? ""covered""} > <option value=""covered"">Covered</option> <option value=""absorbed"">Absorbed</option> <option value=""swap"">Scope swap</option> <option value=""paid_change"">Paid change</option> <option value=""deferred"">Deferre","onSubmit={(event) => confirmDecision(event, request)}","Commercial","commercial_requests, commercial_decisions, commercial_impact, commercial_agreement","Business flow / supporting control"
"src/components/commercial-change-control.tsx","699","RequestDecisionEditor","select","""disposition""","","Commercial","commercial_requests, commercial_decisions, commercial_impact, commercial_agreement","Business flow / supporting control"
"src/components/commercial-change-control.tsx","713","RequestDecisionEditor","select","""coverageBasis""","","Commercial","commercial_requests, commercial_decisions, commercial_impact, commercial_agreement","Business flow / supporting control"
"src/components/commercial-change-control.tsx","723","RequestDecisionEditor","textarea","""rationale""","","Commercial","commercial_requests, commercial_decisions, commercial_impact, commercial_agreement","Business flow / supporting control"
"src/components/commercial-change-control.tsx","737","RequestDecisionEditor","button","{buttonLabel}","","Commercial","commercial_requests, commercial_decisions, commercial_impact, commercial_agreement","Business flow / supporting control"
"src/components/commercial-change-control.tsx","756","RequestImpactEditor","summary","Record a later impact assessment","","Commercial","commercial_requests, commercial_decisions, commercial_impact, commercial_agreement","Business flow / supporting control"
"src/components/commercial-change-control.tsx","757","RequestImpactEditor","form","<ImpactFields prefix=""followup"" /> <button type=""submit"" disabled={pending}> Record impact </button>","onSubmit={(event) => recordImpact(event, request)}","Commercial","commercial_requests, commercial_decisions, commercial_impact, commercial_agreement","Business flow / supporting control"
"src/components/commercial-change-control.tsx","762","RequestImpactEditor","button","Record impact","","Commercial","commercial_requests, commercial_decisions, commercial_impact, commercial_agreement","Business flow / supporting control"
"src/components/commercial-change-control.tsx","785","ScopeSelection","input","{name}","","Commercial","commercial_requests, commercial_decisions, commercial_impact, commercial_agreement","Business flow / supporting control"
"src/components/commercial-change-control.tsx","807","EvidenceFields","select","{`${prefix}SourceId`}","","Commercial","commercial_requests, commercial_decisions, commercial_impact, commercial_agreement","Business flow / supporting control"
"src/components/commercial-change-control.tsx","818","EvidenceFields","input","{`${prefix}StartOffset`}","","Commercial","commercial_requests, commercial_decisions, commercial_impact, commercial_agreement","Business flow / supporting control"
"src/components/commercial-change-control.tsx","822","EvidenceFields","input","{`${prefix}EndOffset`}","","Commercial","commercial_requests, commercial_decisions, commercial_impact, commercial_agreement","Business flow / supporting control"
"src/components/commercial-change-control.tsx","826","EvidenceFields","input","{`${prefix}AnchorLabel`}","","Commercial","commercial_requests, commercial_decisions, commercial_impact, commercial_agreement","Business flow / supporting control"
"src/components/commercial-change-control.tsx","838","ImpactFields","select","{`${prefix}Confidence`}","","Commercial","commercial_requests, commercial_decisions, commercial_impact, commercial_agreement","Business flow / supporting control"
"src/components/commercial-change-control.tsx","845","ImpactFields","input","{`${prefix}EffortHours`}","","Commercial","commercial_requests, commercial_decisions, commercial_impact, commercial_agreement","Business flow / supporting control"
"src/components/commercial-change-control.tsx","854","ImpactFields","input","{`${prefix}ScheduleDeltaDays`}","","Commercial","commercial_requests, commercial_decisions, commercial_impact, commercial_agreement","Business flow / supporting control"
"src/components/commercial-change-control.tsx","863","ImpactFields","input","{`${prefix}TargetDate`}","","Commercial","commercial_requests, commercial_decisions, commercial_impact, commercial_agreement","Business flow / supporting control"
"src/components/commercial-change-control.tsx","867","ImpactFields","input","""1250.00""","","Commercial","commercial_requests, commercial_decisions, commercial_impact, commercial_agreement","Business flow / supporting control"
"src/components/commercial-change-control.tsx","875","ImpactFields","input","""USD""","","Commercial","commercial_requests, commercial_decisions, commercial_impact, commercial_agreement","Business flow / supporting control"
"src/components/commercial-change-control.tsx","879","ImpactFields","textarea","{`${prefix}ImpactNotes`}","","Commercial","commercial_requests, commercial_decisions, commercial_impact, commercial_agreement","Business flow / supporting control"
"src/components/commercial-change-control.tsx","945","EvidenceList","a","""Open the immutable evidence source""","href={`/api/v1/workspaces/${workspaceId}/projects/${projectId}/commercial/sources/${anchor.sourceId}/download`}","Commercial","commercial_requests, commercial_decisions, commercial_impact, commercial_agreement","Business flow / supporting control"
"src/components/planning-workspace.tsx","557","MyWorkWorkspace","form","<input type=""search"" name=""query"" aria-label=""Search my work"" placeholder=""Search work or project"" defaultValue={filters.query || """"} maxLength={120} /> <select name=""projectKey"" aria-label=""Filter by project"" defaultValue={filters.projectKey || """"} > <option value="""">All projects</option> {filters.projectKey && !facet","","Delivery","assigned_work","Business flow / supporting control"
"src/components/planning-workspace.tsx","558","MyWorkWorkspace","input","""Search my work""","","Delivery","assigned_work","Business flow / supporting control"
"src/components/planning-workspace.tsx","566","MyWorkWorkspace","select","""Filter by project""","","Delivery","assigned_work","Business flow / supporting control"
"src/components/planning-workspace.tsx","584","MyWorkWorkspace","select","""Filter by status""","","Delivery","assigned_work","Business flow / supporting control"
"src/components/planning-workspace.tsx","596","MyWorkWorkspace","select","""Filter by priority""","","Delivery","assigned_work","Business flow / supporting control"
"src/components/planning-workspace.tsx","624","MyWorkWorkspace","button","Apply filters","","Delivery","assigned_work","Business flow / supporting control"
"src/components/planning-workspace.tsx","628","MyWorkWorkspace","Link","Clear","href={`/app/${workspaceSlug}/my-work`}","Delivery","assigned_work","Business flow / supporting control"
"src/components/planning-workspace.tsx","644","MyWorkWorkspace","Link","<span>{item.identifier}</span> <strong>{item.title}</strong>","href={`/app/${workspaceSlug}/projects/${item.projectKey}/work/${item.id}`}","Delivery","assigned_work","Business flow / supporting control"
"src/components/planning-workspace.tsx","660","MyWorkWorkspace","form","<label> <span>Status</span> <select name=""status"" defaultValue={item.status} disabled={item.status === ""canceled""} > {workflow.map(([value, label]) => ( <option value={value} key={value}> {label} </option> ))} </select> </label> <button type=""submit"" disabled={pending || item.status === ""canceled""} > Update </button>","action={(formData) => changeStatus(item, formData)}","Delivery","assigned_work","Business flow / supporting control"
"src/components/planning-workspace.tsx","666","MyWorkWorkspace","select","""status""","","Delivery","assigned_work","Business flow / supporting control"
"src/components/planning-workspace.tsx","678","MyWorkWorkspace","button","Update","","Delivery","assigned_work","Business flow / supporting control"
"src/components/planning-workspace.tsx","721","PlanningFilters","form","{filters.pageSize !== 100 ? ( <input type=""hidden"" name=""pageSize"" value={filters.pageSize} /> ) : null} <input type=""search"" name=""query"" aria-label=""Search board"" placeholder=""Search work"" defaultValue={filters.query || """"} maxLength={120} /> <select name=""status"" aria-label=""Filter by status"" defaultValue={filters.s","","Delivery","assigned_work, delivery_work, delivery_cycles, work_dependencies","Business flow / supporting control"
"src/components/planning-workspace.tsx","723","PlanningFilters","input","""pageSize""","","Delivery","assigned_work, delivery_work, delivery_cycles, work_dependencies","Business flow / supporting control"
"src/components/planning-workspace.tsx","725","PlanningFilters","input","""Search board""","","Delivery","assigned_work, delivery_work, delivery_cycles, work_dependencies","Business flow / supporting control"
"src/components/planning-workspace.tsx","733","PlanningFilters","select","""Filter by status""","","Delivery","assigned_work, delivery_work, delivery_cycles, work_dependencies","Business flow / supporting control"
"src/components/planning-workspace.tsx","745","PlanningFilters","select","""Filter by assignee""","","Delivery","assigned_work, delivery_work, delivery_cycles, work_dependencies","Business flow / supporting control"
"src/components/planning-workspace.tsx","761","PlanningFilters","select","""Filter by priority""","","Delivery","assigned_work, delivery_work, delivery_cycles, work_dependencies","Business flow / supporting control"
"src/components/planning-workspace.tsx","771","PlanningFilters","select","""Filter by milestone""","","Delivery","assigned_work, delivery_work, delivery_cycles, work_dependencies","Business flow / supporting control"
"src/components/planning-workspace.tsx","789","PlanningFilters","select","""Filter by cycle""","","Delivery","assigned_work, delivery_work, delivery_cycles, work_dependencies","Business flow / supporting control"
"src/components/planning-workspace.tsx","805","PlanningFilters","select","""Filter by label""","","Delivery","assigned_work, delivery_work, delivery_cycles, work_dependencies","Business flow / supporting control"
"src/components/planning-workspace.tsx","821","PlanningFilters","button","Apply filters","","Delivery","assigned_work, delivery_work, delivery_cycles, work_dependencies","Business flow / supporting control"
"src/components/planning-workspace.tsx","999","FacetSelect","select","{`Filter by ${label}`}","","Delivery","assigned_work, delivery_work, delivery_cycles, work_dependencies","Business flow / supporting control"
"src/components/planning-workspace.tsx","1030","PageNavigation","Link","Previous","href={previous}","Delivery","assigned_work, delivery_work, delivery_cycles, work_dependencies","Business flow / supporting control"
"src/components/planning-workspace.tsx","1032","PageNavigation","Link","Next","href={next}","Delivery","assigned_work, delivery_work, delivery_cycles, work_dependencies","Business flow / supporting control"
"src/components/delivery-workspace.tsx","413","ClientDirectory","summary","New client","","Delivery","client_accounts","Business flow / supporting control"
"src/components/delivery-workspace.tsx","414","ClientDirectory","form","<label> <span>Client name</span> <input name=""name"" minLength={2} maxLength={120} required /> </label> <label> <span>Internal reference</span> <input name=""internalReference"" maxLength={80} /> </label> <label> <span>Summary</span> <textarea name=""summary"" maxLength={2000} rows={3} /> </label> <button type=""submit"" disa","action={create}","Delivery","client_accounts","Business flow / supporting control"
"src/components/delivery-workspace.tsx","417","ClientDirectory","input","""name""","","Delivery","client_accounts","Business flow / supporting control"
"src/components/delivery-workspace.tsx","421","ClientDirectory","input","""internalReference""","","Delivery","client_accounts","Business flow / supporting control"
"src/components/delivery-workspace.tsx","425","ClientDirectory","textarea","""summary""","","Delivery","client_accounts","Business flow / supporting control"
"src/components/delivery-workspace.tsx","427","ClientDirectory","button","Create client","","Delivery","client_accounts","Business flow / supporting control"
"src/components/delivery-workspace.tsx","450","ClientDirectory","summary","Edit","","Delivery","client_accounts","Business flow / supporting control"
"src/components/delivery-workspace.tsx","451","ClientDirectory","form","<label> <span>Name</span> <input name=""name"" defaultValue={client.name} required /> </label> <label> <span>Internal reference</span> <input name=""internalReference"" defaultValue={client.internalReference || """"} /> </label> <label> <span>Summary</span> <textarea name=""summary"" rows={3} defaultValue={client.summary || """"","action={edit.bind(null, client)}","Delivery","client_accounts","Business flow / supporting control"
"src/components/delivery-workspace.tsx","457","ClientDirectory","input","""name""","","Delivery","client_accounts","Business flow / supporting control"
"src/components/delivery-workspace.tsx","461","ClientDirectory","input","""internalReference""","","Delivery","client_accounts","Business flow / supporting control"
"src/components/delivery-workspace.tsx","468","ClientDirectory","textarea","""summary""","","Delivery","client_accounts","Business flow / supporting control"
"src/components/delivery-workspace.tsx","474","ClientDirectory","button","Save client","","Delivery","client_accounts","Business flow / supporting control"
"src/components/delivery-workspace.tsx","480","ClientDirectory","button","{client.lifecycle === ""active"" ? ""Archive"" : ""Restore""}","onClick={() => setLifecycle(client)}","Delivery","client_accounts","Business flow / supporting control"
"src/components/delivery-workspace.tsx","504","ClientDirectory","Link","Previous","href={`/app/${workspaceSlug}/clients?page=${pageInfo.page - 1}`}","Delivery","client_accounts","Business flow / supporting control"
"src/components/delivery-workspace.tsx","517","ClientDirectory","Link","Next","href={`/app/${workspaceSlug}/clients?page=${pageInfo.page + 1}`}","Delivery","client_accounts","Business flow / supporting control"
"src/components/planning-workspace.tsx","447","CyclesWorkspace","form","<select name=""lifecycle"" aria-label=""Filter cycles"" defaultValue={lifecycle || """"} > <option value="""">Open cycles</option> {cycleLifecycles.map((value) => ( <option value={value} key={value}> {value} </option> ))} </select> <button type=""submit"" className=""button-secondary""> Apply </button> {lifecycle ? <Link href=""?"">","","Delivery","delivery_cycles","Business flow / supporting control"
"src/components/planning-workspace.tsx","448","CyclesWorkspace","select","""Filter cycles""","","Delivery","delivery_cycles","Business flow / supporting control"
"src/components/planning-workspace.tsx","460","CyclesWorkspace","button","Apply","","Delivery","delivery_cycles","Business flow / supporting control"
"src/components/planning-workspace.tsx","463","CyclesWorkspace","Link","Clear","href=""?""","Delivery","delivery_cycles","Business flow / supporting control"
"src/components/planning-workspace.tsx","466","CyclesWorkspace","summary","New cycle","","Delivery","delivery_cycles","Business flow / supporting control"
"src/components/planning-workspace.tsx","474","CyclesWorkspace","form","<CycleFields cycle={cycle} /> <label> <span>Lifecycle</span> <select name=""lifecycle"" defaultValue={cycle.lifecycle}> {cycleLifecycles.map((value) => ( <option value={value} key={value}> {value} </option> ))} </select> </label> <button type=""submit"" disabled={pending}> Save cycle </button>","action={(formData) => update(cycle, formData)}","Delivery","delivery_cycles","Business flow / supporting control"
"src/components/planning-workspace.tsx","481","CyclesWorkspace","select","""lifecycle""","","Delivery","delivery_cycles","Business flow / supporting control"
"src/components/planning-workspace.tsx","489","CyclesWorkspace","button","Save cycle","","Delivery","delivery_cycles","Business flow / supporting control"
"src/components/planning-workspace.tsx","932","CycleForm","form","<CycleFields /> <button type=""submit"" disabled={pending}> Create cycle </button>","action={action}","Delivery","delivery_cycles","Business flow / supporting control"
"src/components/planning-workspace.tsx","934","CycleForm","button","Create cycle","","Delivery","delivery_cycles","Business flow / supporting control"
"src/components/planning-workspace.tsx","946","CycleFields","input","""name""","","Delivery","delivery_cycles","Business flow / supporting control"
"src/components/planning-workspace.tsx","957","CycleFields","input","""startDate""","","Delivery","delivery_cycles","Business flow / supporting control"
"src/components/planning-workspace.tsx","966","CycleFields","input","""endDate""","","Delivery","delivery_cycles","Business flow / supporting control"
"src/components/planning-workspace.tsx","976","CycleFields","textarea","""goal""","","Delivery","delivery_cycles","Business flow / supporting control"
"src/components/planning-workspace.tsx","879","WorkEditor","dialog","<header> <div> <span className=""work-identifier"">{item.identifier}</span> <h2 id=""planning-editor-title"">Edit work item</h2> </div> <button type=""button"" ref={closeRef} className=""button-secondary"" onClick={close} > Close </button> </header> {children}","onKeyDown={(event) => { if (event.key !== ""Tab"") return; const focusable = Array.from( event.currentTarget.querySelectorAll<HTMLElement>( ""a[href], button:not([disabled]), input:not([disabled]), select:not([disabled]), textarea:not([disabled]), [tabindex]:not([tabindex='-1'])"", ), ); const first = focusable.at(0); cons","Delivery","delivery_work","Business flow / supporting control"
"src/components/planning-workspace.tsx","910","WorkEditor","button","Close","onClick={close}","Delivery","delivery_work","Business flow / supporting control"
"src/components/delivery-workspace.tsx","1526","BacklogWorkspace","form","{filters.pageSize !== 50 ? ( <input type=""hidden"" name=""pageSize"" value={filters.pageSize} /> ) : null} <input name=""query"" type=""search"" aria-label=""Search work items"" placeholder=""Search work"" defaultValue={filters.query || """"} maxLength={120} /> <select name=""status"" aria-label=""Filter by status"" defaultValue={filte","","Delivery","delivery_work, project_labels","Business flow / supporting control"
"src/components/delivery-workspace.tsx","1528","BacklogWorkspace","input","""pageSize""","","Delivery","delivery_work, project_labels","Business flow / supporting control"
"src/components/delivery-workspace.tsx","1530","BacklogWorkspace","input","""Search work items""","","Delivery","delivery_work, project_labels","Business flow / supporting control"
"src/components/delivery-workspace.tsx","1538","BacklogWorkspace","select","""Filter by status""","","Delivery","delivery_work, project_labels","Business flow / supporting control"
"src/components/delivery-workspace.tsx","1550","BacklogWorkspace","select","""Filter by assignee""","","Delivery","delivery_work, project_labels","Business flow / supporting control"
"src/components/delivery-workspace.tsx","1570","BacklogWorkspace","select","""Filter by priority""","","Delivery","delivery_work, project_labels","Business flow / supporting control"
"src/components/delivery-workspace.tsx","1580","BacklogWorkspace","select","""Filter by milestone""","","Delivery","delivery_work, project_labels","Business flow / supporting control"
"src/components/delivery-workspace.tsx","1598","BacklogWorkspace","select","""Filter by cycle""","","Delivery","delivery_work, project_labels","Business flow / supporting control"
"src/components/delivery-workspace.tsx","1614","BacklogWorkspace","select","""Filter by label""","","Delivery","delivery_work, project_labels","Business flow / supporting control"
"src/components/delivery-workspace.tsx","1630","BacklogWorkspace","button","Apply filters","","Delivery","delivery_work, project_labels","Business flow / supporting control"
"src/components/delivery-workspace.tsx","1634","BacklogWorkspace","Link","Clear","href={`/app/${workspaceSlug}/projects/${project.key}/backlog`}","Delivery","delivery_work, project_labels","Business flow / supporting control"
"src/components/delivery-workspace.tsx","1642","BacklogWorkspace","summary","New work item","","Delivery","delivery_work, project_labels","Business flow / supporting control"
"src/components/delivery-workspace.tsx","1664","BacklogWorkspace","button","<span className=""work-identifier"">{item.identifier}</span> <strong>{item.title}</strong> {item.parentId ? <small>Subtask</small> : null}","onClick={() => setSelected(item)}","Delivery","delivery_work, project_labels","Business flow / supporting control"
"src/components/delivery-workspace.tsx","1695","BacklogWorkspace","button","""Move up""","onClick={() => reorder(item, ""up"")}","Delivery","delivery_work, project_labels","Business flow / supporting control"
"src/components/delivery-workspace.tsx","1702","BacklogWorkspace","button","""Move down""","onClick={() => reorder(item, ""down"")}","Delivery","delivery_work, project_labels","Business flow / supporting control"
"src/components/delivery-workspace.tsx","1722","BacklogWorkspace","Link","Previous","href={backlogPageHref(filters, pageInfo.page - 1)}","Delivery","delivery_work, project_labels","Business flow / supporting control"
"src/components/delivery-workspace.tsx","1730","BacklogWorkspace","Link","Next","href={backlogPageHref(filters, pageInfo.page + 1)}","Delivery","delivery_work, project_labels","Business flow / supporting control"
"src/components/delivery-workspace.tsx","1736","BacklogWorkspace","summary","Manage labels","","Delivery","delivery_work, project_labels","Business flow / supporting control"
"src/components/delivery-workspace.tsx","1737","BacklogWorkspace","form","<label> <span>Label name</span> <input name=""name"" required maxLength={40} /> </label> <label> <span>Color</span> <select name=""color""> {[""slate"", ""blue"", ""green"", ""amber"", ""red"", ""violet""].map( (color) => ( <option key={color}>{color}</option> ), )} </select> </label> <button type=""submit"" disabled={pending}> Create l","action={createLabel}","Delivery","delivery_work, project_labels","Business flow / supporting control"
"src/components/delivery-workspace.tsx","1740","BacklogWorkspace","input","""name""","","Delivery","delivery_work, project_labels","Business flow / supporting control"
"src/components/delivery-workspace.tsx","1744","BacklogWorkspace","select","""color""","","Delivery","delivery_work, project_labels","Business flow / supporting control"
"src/components/delivery-workspace.tsx","1752","BacklogWorkspace","button","Create label","","Delivery","delivery_work, project_labels","Business flow / supporting control"
"src/components/delivery-workspace.tsx","1769","BacklogWorkspace","button","Close","onClick={() => setSelected(null)}","Delivery","delivery_work, project_labels","Business flow / supporting control"
"src/components/delivery-workspace.tsx","1789","BacklogWorkspace","Link","Open discussion and activity","href={`/app/${workspaceSlug}/projects/${project.key}/work/${selected.id}`}","Delivery","delivery_work, project_labels","Business flow / supporting control"
"src/components/delivery-workspace.tsx","1811","BacklogWorkspace","button","Remove","onClick={() => removeBlock(dependency)}","Delivery","delivery_work, project_labels","Business flow / supporting control"
"src/components/delivery-workspace.tsx","1820","BacklogWorkspace","form","<label> <span>This item blocks</span> <select name=""blockedWorkItemId"" required> {items .filter((item) => item.id !== selected.id) .map((item) => ( <option value={item.id} key={item.id}> {item.identifier} · {item.title} </option> ))} </select> </label> <button type=""submit"" disabled={pending || items.length < 2}> Add d","action={addBlock}","Delivery","delivery_work, project_labels","Business flow / supporting control"
"src/components/delivery-workspace.tsx","1823","BacklogWorkspace","select","""blockedWorkItemId""","","Delivery","delivery_work, project_labels","Business flow / supporting control"
"src/components/delivery-workspace.tsx","1833","BacklogWorkspace","button","Add dependency","","Delivery","delivery_work, project_labels","Business flow / supporting control"
"src/components/delivery-workspace.tsx","1838","BacklogWorkspace","button","Archive work item","onClick={() => archive(selected)}","Delivery","delivery_work, project_labels","Business flow / supporting control"
"src/components/delivery-workspace.tsx","1872","WorkItemForm","form","<AppField id={item ? `work-title-${item.id}` : ""work-title-new""} label=""Title"" required className=""form-span"" > <AppInput name=""title"" defaultValue={item?.title} maxLength={240} /> </AppField> <AppField id={item ? `work-status-${item.id}` : ""work-status-new""} label=""Status"" > <AppSelect name=""status"" defaultValue={item","action={action}","Delivery","delivery_work, project_labels","Business flow / supporting control"
"src/components/delivery-workspace.tsx","1909","WorkItemForm","select","""assigneeUserId""","","Delivery","delivery_work, project_labels","Business flow / supporting control"
"src/components/delivery-workspace.tsx","1926","WorkItemForm","select","""milestoneId""","","Delivery","delivery_work, project_labels","Business flow / supporting control"
"src/components/delivery-workspace.tsx","1944","WorkItemForm","select","""cycleId""","","Delivery","delivery_work, project_labels","Business flow / supporting control"
"src/components/delivery-workspace.tsx","1995","WorkItemForm","select","""parentId""","","Delivery","delivery_work, project_labels","Business flow / supporting control"
"src/components/delivery-workspace.tsx","2013","WorkItemForm","input","""labelIds""","","Delivery","delivery_work, project_labels","Business flow / supporting control"
"src/components/planning-workspace.tsx","198","BoardWorkspace","summary","New work item","","Delivery","delivery_work, work_dependencies","Business flow / supporting control"
"src/components/planning-workspace.tsx","225","BoardWorkspace","button","<span>{item.identifier}</span> <strong>{item.title}</strong>","onClick={(event) => { openerRef.current = event.currentTarget; setSelected(item); }}","Delivery","delivery_work, work_dependencies","Business flow / supporting control"
"src/components/planning-workspace.tsx","245","BoardWorkspace","form","<label> <span>Cycle</span> <select name=""cycleId"" defaultValue={item.cycleId || """"} > <option value="""">Backlog / none</option> {item.cycleId && !cycles.some((cycle) => cycle.id === item.cycleId) ? ( <option value={item.cycleId}> {item.cycleName || ""Historical cycle""}{"" ""} (historical) </option> ) : null} {cycles .filte","action={(formData) => patch( item, { cycleId: nullable(formData.get(""cycleId"")) }, ""Cycle plan updated."", ) }","Delivery","delivery_work, work_dependencies","Business flow / supporting control"
"src/components/planning-workspace.tsx","257","BoardWorkspace","select","""cycleId""","","Delivery","delivery_work, work_dependencies","Business flow / supporting control"
"src/components/planning-workspace.tsx","283","BoardWorkspace","button","Plan","","Delivery","delivery_work, work_dependencies","Business flow / supporting control"
"src/components/planning-workspace.tsx","292","BoardWorkspace","button","← {previous[1]}","onClick={() => patch( item, { status: previous[0] }, `Moved to ${previous[1]}.`, ) }","Delivery","delivery_work, work_dependencies","Business flow / supporting control"
"src/components/planning-workspace.tsx","307","BoardWorkspace","button","{next[1]} →","onClick={() => patch( item, { status: next[0] }, `Moved to ${next[1]}.`, ) }","Delivery","delivery_work, work_dependencies","Business flow / supporting control"
"src/components/planning-workspace.tsx","327","BoardWorkspace","button","""Move up""","onClick={() => reorder(item, ""up"")}","Delivery","delivery_work, work_dependencies","Business flow / supporting control"
"src/components/planning-workspace.tsx","335","BoardWorkspace","button","""Move down""","onClick={() => reorder(item, ""down"")}","Delivery","delivery_work, work_dependencies","Business flow / supporting control"
"src/components/planning-workspace.tsx","363","BoardWorkspace","Link","Open discussion and activity","href={`/app/${workspaceSlug}/projects/${project.key}/work/${selected.id}`}","Delivery","delivery_work, work_dependencies","Business flow / supporting control"
"src/components/delivery-workspace.tsx","607","ProjectDirectory","summary","New project","","Delivery","project_lifecycle","Business flow / supporting control"
"src/components/delivery-workspace.tsx","609","ProjectDirectory","form","<label> <span>Client</span> <select name=""clientId"" required> {activeClients.map((client) => ( <option key={client.id} value={client.id}> {client.name} </option> ))} </select> </label> <label> <span>Project key</span> <input name=""key"" pattern=""[A-Za-z][A-Za-z0-9]{1,9}"" placeholder=""NORTH"" required /> </label> <label c","action={create}","Delivery","project_lifecycle","Business flow / supporting control"
"src/components/delivery-workspace.tsx","612","ProjectDirectory","select","""clientId""","","Delivery","project_lifecycle","Business flow / supporting control"
"src/components/delivery-workspace.tsx","622","ProjectDirectory","input","""NORTH""","","Delivery","project_lifecycle","Business flow / supporting control"
"src/components/delivery-workspace.tsx","631","ProjectDirectory","input","""name""","","Delivery","project_lifecycle","Business flow / supporting control"
"src/components/delivery-workspace.tsx","633","ProjectDirectory","WorkspaceMemberPicker","""Lead""","","Delivery","project_lifecycle","Business flow / supporting control"
"src/components/delivery-workspace.tsx","642","ProjectDirectory","input","""targetDate""","","Delivery","project_lifecycle","Business flow / supporting control"
"src/components/delivery-workspace.tsx","646","ProjectDirectory","textarea","""summary""","","Delivery","project_lifecycle","Business flow / supporting control"
"src/components/delivery-workspace.tsx","648","ProjectDirectory","button","Create project","","Delivery","project_lifecycle","Business flow / supporting control"
"src/components/delivery-workspace.tsx","660","ProjectDirectory","Link","Previous clients","href={projectDirectoryHref( workspaceSlug, projectPageInfo.page, clientPageInfo.page - 1, query, lifecycle, )}","Delivery","project_lifecycle","Business flow / supporting control"
"src/components/delivery-workspace.tsx","676","ProjectDirectory","Link","Next clients","href={projectDirectoryHref( workspaceSlug, projectPageInfo.page, clientPageInfo.page + 1, query, lifecycle, )}","Delivery","project_lifecycle","Business flow / supporting control"
"src/components/delivery-workspace.tsx","694","ProjectDirectory","form","<input type=""hidden"" name=""clientPage"" value={clientPageInfo.page} /> <input type=""search"" name=""query"" aria-label=""Search projects"" placeholder=""Search project key, name, or client"" defaultValue={query || """"} maxLength={120} /> <select name=""lifecycle"" aria-label=""Project lifecycle"" defaultValue={lifecycle} > <option ","","Delivery","project_lifecycle","Business flow / supporting control"
"src/components/delivery-workspace.tsx","695","ProjectDirectory","input","""clientPage""","","Delivery","project_lifecycle","Business flow / supporting control"
"src/components/delivery-workspace.tsx","696","ProjectDirectory","input","""Search projects""","","Delivery","project_lifecycle","Business flow / supporting control"
"src/components/delivery-workspace.tsx","704","ProjectDirectory","select","""Project lifecycle""","","Delivery","project_lifecycle","Business flow / supporting control"
"src/components/delivery-workspace.tsx","715","ProjectDirectory","button","Search","","Delivery","project_lifecycle","Business flow / supporting control"
"src/components/delivery-workspace.tsx","719","ProjectDirectory","Link","Clear","href={`/app/${workspaceSlug}/projects`}","Delivery","project_lifecycle","Business flow / supporting control"
"src/components/delivery-workspace.tsx","725","ProjectDirectory","Link","<div> <div className=""delivery-row-title""> <span className=""project-key"">{project.key}</span> <strong>{project.name}</strong> <span className={`state-token state-${project.lifecycle}`}> {project.lifecycle} </span> </div> <p>{project.summary || ""No project summary added.""}</p> </div> <div className=""delivery-row-meta""> ","href={`/app/${workspaceSlug}/projects/${project.key}`}","Delivery","project_lifecycle","Business flow / supporting control"
"src/components/delivery-workspace.tsx","769","ProjectDirectory","Link","Previous","href={projectDirectoryHref( workspaceSlug, projectPageInfo.page - 1, clientPageInfo.page, query, lifecycle, )}","Delivery","project_lifecycle","Business flow / supporting control"
"src/components/delivery-workspace.tsx","789","ProjectDirectory","Link","Next","href={projectDirectoryHref( workspaceSlug, projectPageInfo.page + 1, clientPageInfo.page, query, lifecycle, )}","Delivery","project_lifecycle","Business flow / supporting control"
"src/components/delivery-workspace.tsx","990","ProjectOverview","Link","My work","href={`/app/${workspaceSlug}/my-work`}","Delivery","project_lifecycle, project_members, project_milestones","Business flow / supporting control"
"src/components/delivery-workspace.tsx","991","ProjectOverview","Link","Open backlog","href={`/app/${workspaceSlug}/projects/${project.key}/backlog`}","Delivery","project_lifecycle, project_members, project_milestones","Business flow / supporting control"
"src/components/delivery-workspace.tsx","994","ProjectOverview","Link","Client collaboration","href={`/app/${workspaceSlug}/projects/${project.key}/client`}","Delivery","project_lifecycle, project_members, project_milestones","Business flow / supporting control"
"src/components/delivery-workspace.tsx","1024","ProjectOverview","Link","Inspect commercial evidence →","href={`/app/${workspaceSlug}/projects/${project.key}/commercial`}","Delivery","project_lifecycle, project_members, project_milestones","Business flow / supporting control"
"src/components/delivery-workspace.tsx","1062","ProjectOverview","Link","<span> <small>{item.identifier}</small> <strong>{item.title}</strong> </span> <span> <i className={`priority priority-${item.priority}`}> {item.priority} </i> <small>{item.status.replaceAll(""_"", "" "")}</small> </span>","href={`/app/${workspaceSlug}/projects/${project.key}/work/${item.id}`}","Delivery","project_lifecycle, project_members, project_milestones","Business flow / supporting control"
"src/components/delivery-workspace.tsx","1095","ProjectOverview","Link","{currentCycle.name}","href={`/app/${workspaceSlug}/projects/${project.key}/cycles`}","Delivery","project_lifecycle, project_members, project_milestones","Business flow / supporting control"
"src/components/delivery-workspace.tsx","1147","ProjectOverview","summary","Edit project details","","Delivery","project_lifecycle, project_members, project_milestones","Business flow / supporting control"
"src/components/delivery-workspace.tsx","1148","ProjectOverview","form","<AppField id=""project-name"" label=""Project name"" required className=""form-span"" > <AppInput name=""name"" defaultValue={project.name} /> </AppField> <WorkspaceMemberPicker workspaceId={workspaceId} name=""leadUserId"" label=""Lead"" initialMembers={uniqueMembers([ ...projectMembers, ...workspaceMembers, ])} initialPageInfo={","action={editProject}","Delivery","project_lifecycle, project_members, project_milestones","Business flow / supporting control"
"src/components/delivery-workspace.tsx","1160","ProjectOverview","WorkspaceMemberPicker","""Lead""","","Delivery","project_lifecycle, project_members, project_milestones","Business flow / supporting control"
"src/components/delivery-workspace.tsx","1218","ProjectOverview","summary","New milestone","","Delivery","project_lifecycle, project_members, project_milestones","Business flow / supporting control"
"src/components/delivery-workspace.tsx","1219","ProjectOverview","form","<label> <span>Name</span> <input name=""name"" required /> </label> <label> <span>Target date</span> <input name=""targetDate"" type=""date"" /> </label> <label> <span>Description</span> <textarea name=""description"" rows={3} /> </label> <button type=""submit"" disabled={pending}> Create milestone </button>","action={createMilestone}","Delivery","project_lifecycle, project_members, project_milestones","Business flow / supporting control"
"src/components/delivery-workspace.tsx","1222","ProjectOverview","input","""name""","","Delivery","project_lifecycle, project_members, project_milestones","Business flow / supporting control"
"src/components/delivery-workspace.tsx","1226","ProjectOverview","input","""targetDate""","","Delivery","project_lifecycle, project_members, project_milestones","Business flow / supporting control"
"src/components/delivery-workspace.tsx","1230","ProjectOverview","textarea","""description""","","Delivery","project_lifecycle, project_members, project_milestones","Business flow / supporting control"
"src/components/delivery-workspace.tsx","1232","ProjectOverview","button","Create milestone","","Delivery","project_lifecycle, project_members, project_milestones","Business flow / supporting control"
"src/components/delivery-workspace.tsx","1247","ProjectOverview","select","{`Status for ${milestone.name}`}","onChange={(event) => updateMilestoneStatus( milestone, event.target.value as Milestone[""status""], ) }","Delivery","project_lifecycle, project_members, project_milestones","Business flow / supporting control"
"src/components/delivery-workspace.tsx","1264","ProjectOverview","summary","Edit","","Delivery","project_lifecycle, project_members, project_milestones","Business flow / supporting control"
"src/components/delivery-workspace.tsx","1265","ProjectOverview","form","<label> <span>Name</span> <input name=""name"" defaultValue={milestone.name} required /> </label> <label> <span>Target date</span> <input name=""targetDate"" type=""date"" defaultValue={milestone.targetDate || """"} /> </label> <label> <span>Description</span> <textarea name=""description"" rows={3} defaultValue={milestone.descr","action={editMilestone.bind(null, milestone)}","Delivery","project_lifecycle, project_members, project_milestones","Business flow / supporting control"
"src/components/delivery-workspace.tsx","1271","ProjectOverview","input","""name""","","Delivery","project_lifecycle, project_members, project_milestones","Business flow / supporting control"
"src/components/delivery-workspace.tsx","1279","ProjectOverview","input","""targetDate""","","Delivery","project_lifecycle, project_members, project_milestones","Business flow / supporting control"
"src/components/delivery-workspace.tsx","1287","ProjectOverview","textarea","""description""","","Delivery","project_lifecycle, project_members, project_milestones","Business flow / supporting control"
"src/components/delivery-workspace.tsx","1293","ProjectOverview","button","Save milestone","","Delivery","project_lifecycle, project_members, project_milestones","Business flow / supporting control"
"src/components/delivery-workspace.tsx","1319","ProjectOverview","button","Remove","onClick={() => removeMember(member)}","Delivery","project_lifecycle, project_members, project_milestones","Business flow / supporting control"
"src/components/delivery-workspace.tsx","1332","ProjectOverview","form","<WorkspaceMemberPicker workspaceId={workspaceId} name=""userId"" label=""Add member"" initialMembers={workspaceMembers} initialPageInfo={workspaceMemberPageInfo} excludeUserIds={projectMembers.map((member) => member.userId)} /> <button type=""submit"" disabled={pending}> Add </button>","action={addMember}","Delivery","project_lifecycle, project_members, project_milestones","Business flow / supporting control"
"src/components/delivery-workspace.tsx","1333","ProjectOverview","WorkspaceMemberPicker","""Add member""","","Delivery","project_lifecycle, project_members, project_milestones","Business flow / supporting control"
"src/components/delivery-workspace.tsx","1341","ProjectOverview","button","Add","","Delivery","project_lifecycle, project_members, project_milestones","Business flow / supporting control"
"src/components/delivery-workspace.tsx","1350","ProjectOverview","button","Restore","onClick={() => updateLifecycle(""active"")}","Delivery","project_lifecycle, project_members, project_milestones","Business flow / supporting control"
"src/components/delivery-workspace.tsx","1355","ProjectOverview","button","Complete","onClick={() => updateLifecycle(""completed"")}","Delivery","project_lifecycle, project_members, project_milestones","Business flow / supporting control"
"src/components/delivery-workspace.tsx","1361","ProjectOverview","button","Archive","onClick={() => updateLifecycle(""archived"")}","Delivery","project_lifecycle, project_members, project_milestones","Business flow / supporting control"
"src/components/engineering-workspace.tsx","309","EngineeringWorkspace","Link","Interpret delivery risk","href={`/app/${workspaceSlug}/projects/${project.key}/ai?kind=delivery_risk_brief`}","Engineering & QA","engineering_evidence, engineering_repositories, qa_verification, delivery_defects","Business flow / supporting control"
"src/components/engineering-workspace.tsx","334","EngineeringWorkspace","summary","Connect an explicitly granted repository","","Engineering & QA","engineering_evidence, engineering_repositories, qa_verification, delivery_defects","Business flow / supporting control"
"src/components/engineering-workspace.tsx","345","EngineeringWorkspace","form","<label> <span>Granted repository</span> <input name=""repositoryFullName"" placeholder=""owner/repository"" required /> </label> <button type=""submit"" disabled={ !engineering.configuration.githubConfigured || pending } > Authorize repository with GitHub </button>","onSubmit={connectRepository}","Engineering & QA","engineering_evidence, engineering_repositories, qa_verification, delivery_defects","Business flow / supporting control"
"src/components/engineering-workspace.tsx","351","EngineeringWorkspace","input","""owner/repository""","","Engineering & QA","engineering_evidence, engineering_repositories, qa_verification, delivery_defects","Business flow / supporting control"
"src/components/engineering-workspace.tsx","357","EngineeringWorkspace","button","Authorize repository with GitHub","","Engineering & QA","engineering_evidence, engineering_repositories, qa_verification, delivery_defects","Business flow / supporting control"
"src/components/engineering-workspace.tsx","373","EngineeringWorkspace","a","{repository.fullName}","href={repository.url}","Engineering & QA","engineering_evidence, engineering_repositories, qa_verification, delivery_defects","Business flow / supporting control"
"src/components/engineering-workspace.tsx","391","EngineeringWorkspace","button","Refresh","onClick={() => repositoryAction(repository.id, ""reconcile"")}","Engineering & QA","engineering_evidence, engineering_repositories, qa_verification, delivery_defects","Business flow / supporting control"
"src/components/engineering-workspace.tsx","398","EngineeringWorkspace","button","Disconnect","onClick={() => repositoryAction(repository.id, ""disconnect"") }","Engineering & QA","engineering_evidence, engineering_repositories, qa_verification, delivery_defects","Business flow / supporting control"
"src/components/engineering-workspace.tsx","428","EngineeringWorkspace","form","<label> <span>Work item</span> <select name=""workItemId"" required defaultValue=""""> <option value="""" disabled> Choose work </option> {engineering.workItems.map((work) => ( <option key={work.id} value={work.id}> {project.key}-{work.number} · {work.title} </option> ))} </select> </label> <label> <span>Pull request</span> ","onSubmit={linkEvidence}","Engineering & QA","engineering_evidence, engineering_repositories, qa_verification, delivery_defects","Business flow / supporting control"
"src/components/engineering-workspace.tsx","431","EngineeringWorkspace","select","""workItemId""","","Engineering & QA","engineering_evidence, engineering_repositories, qa_verification, delivery_defects","Business flow / supporting control"
"src/components/engineering-workspace.tsx","444","EngineeringWorkspace","select","""artifactId""","","Engineering & QA","engineering_evidence, engineering_repositories, qa_verification, delivery_defects","Business flow / supporting control"
"src/components/engineering-workspace.tsx","455","EngineeringWorkspace","button","Link evidence","","Engineering & QA","engineering_evidence, engineering_repositories, qa_verification, delivery_defects","Business flow / supporting control"
"src/components/engineering-workspace.tsx","472","EngineeringWorkspace","a","{artifact.title}","href={artifact.url}","Engineering & QA","engineering_evidence, engineering_repositories, qa_verification, delivery_defects","Business flow / supporting control"
"src/components/engineering-workspace.tsx","501","EngineeringWorkspace","Link","{work ? `${project.key}-${work.number}` : ""Work item""}","href={`/app/${workspaceSlug}/projects/${project.key}/work/${link.workItemId}`}","Engineering & QA","engineering_evidence, engineering_repositories, qa_verification, delivery_defects","Business flow / supporting control"
"src/components/engineering-workspace.tsx","512","EngineeringWorkspace","button","Unlink","onClick={() => unlinkEvidence(link.id)}","Engineering & QA","engineering_evidence, engineering_repositories, qa_verification, delivery_defects","Business flow / supporting control"
"src/components/engineering-workspace.tsx","545","EngineeringWorkspace","summary","Record verification","","Engineering & QA","engineering_evidence, engineering_repositories, qa_verification, delivery_defects","Business flow / supporting control"
"src/components/engineering-workspace.tsx","546","EngineeringWorkspace","form","<label> <span>Work item</span> <select name=""workItemId"" required defaultValue=""""> <option value="""" disabled> Choose work </option> {engineering.workItems.map((work) => ( <option key={work.id} value={work.id}> {project.key}-{work.number} · {work.title} </option> ))} </select> </label> <label> <span>Implementation versi","onSubmit={recordVerification}","Engineering & QA","engineering_evidence, engineering_repositories, qa_verification, delivery_defects","Business flow / supporting control"
"src/components/engineering-workspace.tsx","552","EngineeringWorkspace","select","""workItemId""","","Engineering & QA","engineering_evidence, engineering_repositories, qa_verification, delivery_defects","Business flow / supporting control"
"src/components/engineering-workspace.tsx","565","EngineeringWorkspace","select","""artifactId""","","Engineering & QA","engineering_evidence, engineering_repositories, qa_verification, delivery_defects","Business flow / supporting control"
"src/components/engineering-workspace.tsx","577","EngineeringWorkspace","select","""method""","","Engineering & QA","engineering_evidence, engineering_repositories, qa_verification, delivery_defects","Business flow / supporting control"
"src/components/engineering-workspace.tsx","586","EngineeringWorkspace","select","""result""","","Engineering & QA","engineering_evidence, engineering_repositories, qa_verification, delivery_defects","Business flow / supporting control"
"src/components/engineering-workspace.tsx","595","EngineeringWorkspace","input","""Regression, acceptance, security…""","","Engineering & QA","engineering_evidence, engineering_repositories, qa_verification, delivery_defects","Business flow / supporting control"
"src/components/engineering-workspace.tsx","604","EngineeringWorkspace","input","""referenceUrl""","","Engineering & QA","engineering_evidence, engineering_repositories, qa_verification, delivery_defects","Business flow / supporting control"
"src/components/engineering-workspace.tsx","608","EngineeringWorkspace","textarea","""notes""","","Engineering & QA","engineering_evidence, engineering_repositories, qa_verification, delivery_defects","Business flow / supporting control"
"src/components/engineering-workspace.tsx","610","EngineeringWorkspace","button","Record verification","","Engineering & QA","engineering_evidence, engineering_repositories, qa_verification, delivery_defects","Business flow / supporting control"
"src/components/engineering-workspace.tsx","637","EngineeringWorkspace","Link","{project.key} - {work.number} · {work.title}","href={`/app/${workspaceSlug}/projects/${project.key}/work/${work.id}`}","Engineering & QA","engineering_evidence, engineering_repositories, qa_verification, delivery_defects","Business flow / supporting control"
"src/components/engineering-workspace.tsx","646","EngineeringWorkspace","a","Open bounded evidence reference","href={verification.referenceUrl}","Engineering & QA","engineering_evidence, engineering_repositories, qa_verification, delivery_defects","Business flow / supporting control"
"src/components/engineering-workspace.tsx","676","EngineeringWorkspace","summary","Record a defect","","Engineering & QA","engineering_evidence, engineering_repositories, qa_verification, delivery_defects","Business flow / supporting control"
"src/components/engineering-workspace.tsx","677","EngineeringWorkspace","form","<label className=""form-span""> <span>Title</span> <input name=""title"" required maxLength={240} /> </label> <label> <span>Severity</span> <select name=""severity"" defaultValue=""medium""> <option value=""low"">Low</option> <option value=""medium"">Medium</option> <option value=""high"">High</option> <option value=""critical"">Criti","onSubmit={recordDefect}","Engineering & QA","engineering_evidence, engineering_repositories, qa_verification, delivery_defects","Business flow / supporting control"
"src/components/engineering-workspace.tsx","683","EngineeringWorkspace","input","""title""","","Engineering & QA","engineering_evidence, engineering_repositories, qa_verification, delivery_defects","Business flow / supporting control"
"src/components/engineering-workspace.tsx","687","EngineeringWorkspace","select","""severity""","","Engineering & QA","engineering_evidence, engineering_repositories, qa_verification, delivery_defects","Business flow / supporting control"
"src/components/engineering-workspace.tsx","696","EngineeringWorkspace","select","""workItemId""","","Engineering & QA","engineering_evidence, engineering_repositories, qa_verification, delivery_defects","Business flow / supporting control"
"src/components/engineering-workspace.tsx","707","EngineeringWorkspace","select","""artifactId""","","Engineering & QA","engineering_evidence, engineering_repositories, qa_verification, delivery_defects","Business flow / supporting control"
"src/components/engineering-workspace.tsx","718","EngineeringWorkspace","select","""verificationId""","","Engineering & QA","engineering_evidence, engineering_repositories, qa_verification, delivery_defects","Business flow / supporting control"
"src/components/engineering-workspace.tsx","729","EngineeringWorkspace","textarea","""description""","","Engineering & QA","engineering_evidence, engineering_repositories, qa_verification, delivery_defects","Business flow / supporting control"
"src/components/engineering-workspace.tsx","731","EngineeringWorkspace","button","Record defect","","Engineering & QA","engineering_evidence, engineering_repositories, qa_verification, delivery_defects","Business flow / supporting control"
"src/components/engineering-workspace.tsx","763","EngineeringWorkspace","button","{defect.status === ""open"" ? ""Resolve defect"" : ""Reopen defect""}","onClick={() => toggleDefect(defect)}","Engineering & QA","engineering_evidence, engineering_repositories, qa_verification, delivery_defects","Business flow / supporting control"
"src/components/engineering-workspace.tsx","803","EngineeringWorkspace","Link","{item.identifier} · {item.title}","href={`/app/${workspaceSlug}/projects/${project.key}/work/${item.workItemId}`}","Engineering & QA","engineering_evidence, engineering_repositories, qa_verification, delivery_defects","Business flow / supporting control"
"src/components/engineering-workspace.tsx","828","EngineeringWorkspace","Link","Newer","href={`?page=${coverage.page.number - 1}`}","Engineering & QA","engineering_evidence, engineering_repositories, qa_verification, delivery_defects","Business flow / supporting control"
"src/components/engineering-workspace.tsx","833","EngineeringWorkspace","Link","Older","href={`?page=${coverage.page.number + 1}`}","Engineering & QA","engineering_evidence, engineering_repositories, qa_verification, delivery_defects","Business flow / supporting control"
"src/components/engineering-workspace.tsx","908","WorkEngineeringPanel","Link","Create work &amp; QA pack","href={aiHref}","Engineering & QA","engineering_evidence, engineering_repositories, qa_verification, delivery_defects","Business flow / supporting control"
"src/components/engineering-workspace.tsx","918","WorkEngineeringPanel","a","PR # {artifact.number} · {artifact.title}","href={artifact.url}","Engineering & QA","engineering_evidence, engineering_repositories, qa_verification, delivery_defects","Business flow / supporting control"
"src/components/engineering-workspace.tsx","938","WorkEngineeringPanel","a","evidence","href={verification.referenceUrl}","Engineering & QA","engineering_evidence, engineering_repositories, qa_verification, delivery_defects","Business flow / supporting control"
"src/app/client/notifications/page.tsx","23","ClientNotificationsPage","Link","Projects","href=""/client""","External client","client_inbox","Business flow / supporting control"
"src/app/client/notifications/page.tsx","24","ClientNotificationsPage","Link","Team workspace","href=""/app""","External client","client_inbox","Business flow / supporting control"
"src/components/client-notification-inbox.tsx","67","ClientNotificationInbox","Link","Open project","href={`/client/projects/${item.projectId}`}; onClick={() => { if (!item.readAt) markRead(item.id); }}","External client","client_inbox","Business flow / supporting control"
"src/components/client-notification-inbox.tsx","76","ClientNotificationInbox","button","Mark read","onClick={() => markRead(item.id)}","External client","client_inbox","Business flow / supporting control"
"src/app/client/page.tsx","27","ClientHomePage","Link","Inbox","href=""/client/notifications""","External client","client_project_access","Business flow / supporting control"
"src/app/client/page.tsx","28","ClientHomePage","Link","Team workspace","href=""/app""","External client","client_project_access","Business flow / supporting control"
"src/app/client/page.tsx","42","ClientHomePage","Link","<span className=""client-chip"">{project.role}</span> <h2>{project.name}</h2> <span>Open project →</span>","href={`/client/projects/${project.id}`}","External client","client_project_access","Business flow / supporting control"
"src/components/client-project-workspace.tsx","173","ClientProjectWorkspace","Link","{project.name}","href={`/client/projects/${project.id}`}","External client","client_project_access, client_requests, client_discussion, client_packet_response, client_delivery_acceptance","Business flow / supporting control"
"src/components/client-project-workspace.tsx","183","ClientProjectWorkspace","Link","Inbox","href=""/client/notifications""","External client","client_project_access, client_requests, client_discussion, client_packet_response, client_delivery_acceptance","Business flow / supporting control"
"src/components/client-project-workspace.tsx","184","ClientProjectWorkspace","Link","Team workspace","href=""/app""","External client","client_project_access, client_requests, client_discussion, client_packet_response, client_delivery_acceptance","Business flow / supporting control"
"src/components/client-project-workspace.tsx","222","ClientProjectWorkspace","a","<span>{item.kind.replace(""_"", "" "")}</span> <strong>{item.label}</strong> <span aria-hidden=""true"">→</span>","href={`?page=${item.historyPage}&pageSize=${projection.history.pageSize}#${item.kind}-${item.targetId}`}","External client","client_project_access, client_requests, client_discussion, client_packet_response, client_delivery_acceptance","Business flow / supporting control"
"src/components/client-project-workspace.tsx","275","ClientProjectWorkspace","form","<label> <span>Short title</span> <input name=""title"" required maxLength={240} /> </label> <label> <span>What would you like to change?</span> <textarea name=""requestText"" required maxLength={10_000} rows={5} /> </label> <button type=""submit"" className=""client-button primary"" disabled={pending} > Send request </button>","onSubmit={submitRequest}","External client","client_project_access, client_requests, client_discussion, client_packet_response, client_delivery_acceptance","Business flow / supporting control"
"src/components/client-project-workspace.tsx","278","ClientProjectWorkspace","input","""title""","","External client","client_project_access, client_requests, client_discussion, client_packet_response, client_delivery_acceptance","Business flow / supporting control"
"src/components/client-project-workspace.tsx","282","ClientProjectWorkspace","textarea","""requestText""","","External client","client_project_access, client_requests, client_discussion, client_packet_response, client_delivery_acceptance","Business flow / supporting control"
"src/components/client-project-workspace.tsx","289","ClientProjectWorkspace","button","Send request","","External client","client_project_access, client_requests, client_discussion, client_packet_response, client_delivery_acceptance","Business flow / supporting control"
"src/components/client-project-workspace.tsx","326","ClientProjectWorkspace","form","<input type=""hidden"" name=""target"" value={`request:${request.id}`} /> <label> <span>Reply to the project team</span> <textarea name=""body"" required maxLength={5_000} rows={3} /> </label> <button type=""submit"" className=""client-button primary"" disabled={pending} > Send clarification reply </button>","onSubmit={submitDiscussion}","External client","client_project_access, client_requests, client_discussion, client_packet_response, client_delivery_acceptance","Business flow / supporting control"
"src/components/client-project-workspace.tsx","327","ClientProjectWorkspace","input","""target""","","External client","client_project_access, client_requests, client_discussion, client_packet_response, client_delivery_acceptance","Business flow / supporting control"
"src/components/client-project-workspace.tsx","334","ClientProjectWorkspace","textarea","""body""","","External client","client_project_access, client_requests, client_discussion, client_packet_response, client_delivery_acceptance","Business flow / supporting control"
"src/components/client-project-workspace.tsx","336","ClientProjectWorkspace","button","Send clarification reply","","External client","client_project_access, client_requests, client_discussion, client_packet_response, client_delivery_acceptance","Business flow / supporting control"
"src/components/client-project-workspace.tsx","395","ClientProjectWorkspace","button","Approve","onClick={() => void actOnPacket(packet.id, ""approved"")}","External client","client_project_access, client_requests, client_discussion, client_packet_response, client_delivery_acceptance","Business flow / supporting control"
"src/components/client-project-workspace.tsx","401","ClientProjectWorkspace","button","Reject","onClick={() => void actOnPacket(packet.id, ""rejected"")}","External client","client_project_access, client_requests, client_discussion, client_packet_response, client_delivery_acceptance","Business flow / supporting control"
"src/components/client-project-workspace.tsx","409","ClientProjectWorkspace","button","Ask for clarification","onClick={() => void actOnPacket(packet.id, ""clarification_requested"") }","External client","client_project_access, client_requests, client_discussion, client_packet_response, client_delivery_acceptance","Business flow / supporting control"
"src/components/client-project-workspace.tsx","455","ClientProjectWorkspace","a","{packet ? `Packet v${packet.version} · ${packet.title}` : `Published packet ${packetId}`}","href={`#packet-${packetId}`}","External client","client_project_access, client_requests, client_discussion, client_packet_response, client_delivery_acceptance","Business flow / supporting control"
"src/components/client-project-workspace.tsx","473","ClientProjectWorkspace","button","Accept this version","onClick={() => void actOnAcceptance(target.id, ""accepted"")}","External client","client_project_access, client_requests, client_discussion, client_packet_response, client_delivery_acceptance","Business flow / supporting control"
"src/components/client-project-workspace.tsx","479","ClientProjectWorkspace","button","Needs changes","onClick={() => void actOnAcceptance(target.id, ""needs_changes"") }","External client","client_project_access, client_requests, client_discussion, client_packet_response, client_delivery_acceptance","Business flow / supporting control"
"src/components/client-project-workspace.tsx","505","ClientProjectWorkspace","form","<label> <span>Discuss</span> <select name=""target"" required> {discussionTargets.map((target) => ( <option value={target.value} key={target.value}> {target.label} </option> ))} </select> </label> <label> <span>Message</span> <textarea name=""body"" required maxLength={5_000} rows={4} /> </label> <button type=""submit"" clas","onSubmit={submitDiscussion}","External client","client_project_access, client_requests, client_discussion, client_packet_response, client_delivery_acceptance","Business flow / supporting control"
"src/components/client-project-workspace.tsx","508","ClientProjectWorkspace","select","""target""","","External client","client_project_access, client_requests, client_discussion, client_packet_response, client_delivery_acceptance","Business flow / supporting control"
"src/components/client-project-workspace.tsx","518","ClientProjectWorkspace","textarea","""body""","","External client","client_project_access, client_requests, client_discussion, client_packet_response, client_delivery_acceptance","Business flow / supporting control"
"src/components/client-project-workspace.tsx","520","ClientProjectWorkspace","button","Add message","","External client","client_project_access, client_requests, client_discussion, client_packet_response, client_delivery_acceptance","Business flow / supporting control"
"src/components/client-project-workspace.tsx","554","ClientProjectWorkspace","Link","Newer history","href={`?page=${projection.history.page - 1}&pageSize=${projection.history.pageSize}`}","External client","client_project_access, client_requests, client_discussion, client_packet_response, client_delivery_acceptance","Business flow / supporting control"
"src/components/client-project-workspace.tsx","565","ClientProjectWorkspace","Link","Older history","href={`?page=${projection.history.page + 1}&pageSize=${projection.history.pageSize}`}","External client","client_project_access, client_requests, client_discussion, client_packet_response, client_delivery_acceptance","Business flow / supporting control"
"src/app/onboarding/page.tsx","22","OnboardingPage","Link","Back to workspace","href={`/app/${existing[0].slug}`}","Getting started","workspace_setup","Business flow / supporting control"
"src/components/platform-forms.tsx","66","WorkspaceCreateForm","form","<label className=""platform-field"" htmlFor=""workspace-name""> <span> Workspace name{"" ""} <small>Usually your company or delivery organization</small> </span> <input id=""workspace-name"" name=""name"" required minLength={2} maxLength={100} autoComplete=""organization"" /> </label> <button className=""app-primary-button"" type=""s","onSubmit={submit}","Getting started","workspace_setup","Business flow / supporting control"
"src/components/platform-forms.tsx","72","WorkspaceCreateForm","input","""name""","","Getting started","workspace_setup","Business flow / supporting control"
"src/components/platform-forms.tsx","81","WorkspaceCreateForm","button","{pending ? ""Creating workspace…"" : ""Create workspace""} <span aria-hidden=""true"">↗</span>","","Getting started","workspace_setup","Business flow / supporting control"
"src/components/self-service-workspace.tsx","80","GettingStartedWorkspace","button","{onboarding.dismissed ? ""Resume checklist"" : ""Dismiss checklist""}","onClick={() => void setDismissed(!onboarding.dismissed)}","Getting started / Adoption & portability / Administration","workspace_onboarding, workspace_exports, workspace_lifecycle","Business flow / supporting control"
"src/components/self-service-workspace.tsx","119","OnboardingRow","Link","Open action","href={step.href}","Getting started / Adoption & portability / Administration","workspace_onboarding, workspace_exports, workspace_lifecycle","Business flow / supporting control"
"src/components/self-service-workspace.tsx","303","WorkspaceLifecyclePanel","button","{pending ? ""Working…"" : ""Create comprehensive export""}","onClick={() => void createExport()}","Getting started / Adoption & portability / Administration","workspace_onboarding, workspace_exports, workspace_lifecycle","Business flow / supporting control"
"src/components/self-service-workspace.tsx","322","WorkspaceLifecyclePanel","button","Download part {part.partNumber} ( {Math.ceil(part.byteSize / 1024)} {"" ""} KB)","onClick={() => void downloadPart(part.partNumber)}","Getting started / Adoption & portability / Administration","workspace_onboarding, workspace_exports, workspace_lifecycle","Business flow / supporting control"
"src/components/self-service-workspace.tsx","351","WorkspaceLifecyclePanel","button","Cancel request","onClick={() => void cancel()}","Getting started / Adoption & portability / Administration","workspace_onboarding, workspace_exports, workspace_lifecycle","Business flow / supporting control"
"src/components/self-service-workspace.tsx","372","WorkspaceLifecyclePanel","form","<label className=""platform-field""> <span>Request type</span> <select name=""intent"" defaultValue=""closure""> <option value=""closure"">Closure review</option> <option value=""deletion"">Deletion review</option> </select> </label> <label className=""platform-field""> <span>Type the workspace slug to confirm: {workspaceSlug}</sp","onSubmit={submit}","Getting started / Adoption & portability / Administration","workspace_onboarding, workspace_exports, workspace_lifecycle","Business flow / supporting control"
"src/components/self-service-workspace.tsx","375","WorkspaceLifecyclePanel","select","""intent""","","Getting started / Adoption & portability / Administration","workspace_onboarding, workspace_exports, workspace_lifecycle","Business flow / supporting control"
"src/components/self-service-workspace.tsx","382","WorkspaceLifecyclePanel","input","""confirmation""","","Getting started / Adoption & portability / Administration","workspace_onboarding, workspace_exports, workspace_lifecycle","Business flow / supporting control"
"src/components/self-service-workspace.tsx","385","WorkspaceLifecyclePanel","input","""exportAcknowledged""","","Getting started / Adoption & portability / Administration","workspace_onboarding, workspace_exports, workspace_lifecycle","Business flow / supporting control"
"src/components/self-service-workspace.tsx","389","WorkspaceLifecyclePanel","input","""retentionAcknowledged""","","Getting started / Adoption & portability / Administration","workspace_onboarding, workspace_exports, workspace_lifecycle","Business flow / supporting control"
"src/components/self-service-workspace.tsx","393","WorkspaceLifecyclePanel","button","{pending ? ""Recording…"" : ""Record lifecycle request""}","","Getting started / Adoption & portability / Administration","workspace_onboarding, workspace_exports, workspace_lifecycle","Business flow / supporting control"
"src/components/self-service-workspace.tsx","427","ActionableEmptyState","Link","{next}","href={href}","Getting started / Adoption & portability / Administration","workspace_onboarding, workspace_exports, workspace_lifecycle","Business flow / supporting control"
"src/app/app/[workspaceSlug]/page.tsx","50","WorkspaceOverview","Link","Continue setup","href={`/app/${workspace.slug}/settings/getting-started`}","Navigation and interaction","discover_workflows / open_workflow","Navigation, display or reusable control"
"src/app/app/[workspaceSlug]/page.tsx","75","WorkspaceOverview","Link","Manage clients","href={`/app/${workspace.slug}/clients`}","Navigation and interaction","discover_workflows / open_workflow","Navigation, display or reusable control"
"src/app/app/[workspaceSlug]/page.tsx","76","WorkspaceOverview","Link","Open projects","href={`/app/${workspace.slug}/projects`}","Navigation and interaction","discover_workflows / open_workflow","Navigation, display or reusable control"
"src/app/app/[workspaceSlug]/projects/[projectKey]/work/[workItemId]/page.tsx","77","WorkCollaborationPage","summary","Log time against this work item","","Navigation and interaction","discover_workflows / open_workflow","Navigation, display or reusable control"
"src/components/app-form-controls.tsx","56","AppInput","input","Dynamic/reusable control","","Navigation and interaction","discover_workflows / open_workflow","Navigation, display or reusable control"
"src/components/app-form-controls.tsx","62","AppTextarea","textarea","Dynamic/reusable control","","Navigation and interaction","discover_workflows / open_workflow","Navigation, display or reusable control"
"src/components/app-form-controls.tsx","66","AppSelect","select","Dynamic/reusable control","","Navigation and interaction","discover_workflows / open_workflow","Navigation, display or reusable control"
"src/components/app-form-controls.tsx","81","AppButton","button","Dynamic/reusable control","","Navigation and interaction","discover_workflows / open_workflow","Navigation, display or reusable control"
"src/components/app-mobile-navigation.tsx","41","AppMobileNavigation","Sheet","<SheetTrigger render={ <button className=""app-mobile-menu"" type=""button"" aria-label=""Open workspace navigation"" /> } > <Menu aria-hidden=""true"" /> </SheetTrigger> <SheetContent side=""left"" className=""w-[min(88vw,22rem)] gap-0 border-0 bg-[#20241f] p-0 text-stone-100"" > <SheetHeader className=""border-b border-white/10 p","onOpenChange={setOpen}","Navigation and interaction","discover_workflows / open_workflow","Navigation, display or reusable control"
"src/components/app-mobile-navigation.tsx","42","AppMobileNavigation","SheetTrigger","<Menu aria-hidden=""true"" />","","Navigation and interaction","discover_workflows / open_workflow","Navigation, display or reusable control"
"src/components/app-mobile-navigation.tsx","44","AppMobileNavigation","button","""Open workspace navigation""","","Navigation and interaction","discover_workflows / open_workflow","Navigation, display or reusable control"
"src/components/app-mobile-navigation.tsx","70","AppMobileNavigation","WorkspaceNavigation","Dynamic/reusable control","onNavigate={() => setOpen(false)}","Navigation and interaction","discover_workflows / open_workflow","Navigation, display or reusable control"
"src/components/app-shell.tsx","33","AppShell","a","Skip to content","href=""#main-content""","Navigation and interaction","discover_workflows / open_workflow","Navigation, display or reusable control"
"src/components/brand.tsx","33","BrandLockup","Link","{label}","href={href}","Navigation and interaction","discover_workflows / open_workflow","Navigation, display or reusable control"
"src/components/project-context-bar.tsx","73","ProjectContextBar","Link","{label}","href={href}; onClick={() => setPendingHref(href)}","Navigation and interaction","discover_workflows / open_workflow","Navigation, display or reusable control"
"src/components/project-context-bar.tsx","87","ProjectContextBar","button","Dynamic/reusable control","","Navigation and interaction","discover_workflows / open_workflow","Navigation, display or reusable control"
"src/components/project-context-bar.tsx","100","ProjectContextBar","DropdownMenuItem","{label}","","Navigation and interaction","discover_workflows / open_workflow","Navigation, display or reusable control"
"src/components/project-context-bar.tsx","104","ProjectContextBar","Link","Dynamic/reusable control","href={href}; onClick={() => setPendingHref(href)}","Navigation and interaction","discover_workflows / open_workflow","Navigation, display or reusable control"
"src/components/webmcp-bridge.tsx","110","WebMcpBridge","dialog","<h2 id=""workflow-confirmation-title"">Review agent action</h2> {confirmation ? ( <> <p> <strong>{confirmation.title}</strong> ·{"" ""} {confirmation.action} </p> <p> Review the exact request before allowing this action. ScopeDelta will recheck your access and the current record. </p> <dl className=""workflow-review-fields""","onCancel={() => pendingRef.current?.(false)}","Navigation and interaction","discover_workflows / open_workflow","Navigation, display or reusable control"
"src/components/webmcp-bridge.tsx","145","WebMcpBridge","button","Cancel","onClick={() => pendingRef.current?.(false)}","Navigation and interaction","discover_workflows / open_workflow","Navigation, display or reusable control"
"src/components/webmcp-bridge.tsx","151","WebMcpBridge","button","Confirm action","onClick={() => pendingRef.current?.(true)}","Navigation and interaction","discover_workflows / open_workflow","Navigation, display or reusable control"
"src/components/workflow-explorer.tsx","67","WorkflowExplorer","Link","Create a client","href={`/app/${workspaceSlug}/clients`}","Navigation and interaction","discover_workflows / open_workflow","Navigation, display or reusable control"
"src/components/workflow-explorer.tsx","70","WorkflowExplorer","Link","Create a project","href={`/app/${workspaceSlug}/projects`}","Navigation and interaction","discover_workflows / open_workflow","Navigation, display or reusable control"
"src/components/workflow-explorer.tsx","85","WorkflowExplorer","input","""Projects, scope, client review…""","onChange={(event) => setQuery(event.target.value)}","Navigation and interaction","discover_workflows / open_workflow","Navigation, display or reusable control"
"src/components/workflow-explorer.tsx","94","WorkflowExplorer","select","<option>All workflows</option> {categories.map((name) => ( <option key={name}>{name}</option> ))}","onChange={(event) => setCategory(event.target.value)}","Navigation and interaction","discover_workflows / open_workflow","Navigation, display or reusable control"
"src/components/workflow-explorer.tsx","119","WorkflowExplorer","summary","Available actions ( {flow.actions.length} )","","Navigation and interaction","discover_workflows / open_workflow","Navigation, display or reusable control"
"src/components/workflow-explorer.tsx","135","WorkflowExplorer","Link","Open workspace","href={flow.href}","Navigation and interaction","discover_workflows / open_workflow","Navigation, display or reusable control"
"src/components/workflow-explorer.tsx","136","WorkflowExplorer","button","{copied === flow.name ? ""Copied"" : ""Copy agent prompt""}","onClick={() => void copyPrompt(flow)}","Navigation and interaction","discover_workflows / open_workflow","Navigation, display or reusable control"
"src/components/workspace-navigation.tsx","84","WorkspaceNavigation","Link","<Icon aria-hidden=""true"" /> <span>{itemLabel}</span>","href={href}; onClick={onNavigate}","Navigation and interaction","discover_workflows / open_workflow","Navigation, display or reusable control"
"src/components/workspace-switcher.tsx","38","WorkspaceSwitcher","button","Dynamic/reusable control","","Navigation and interaction","discover_workflows / open_workflow","Navigation, display or reusable control"
"src/components/workspace-switcher.tsx","59","WorkspaceSwitcher","DropdownMenuItem","<span className=""grid size-8 shrink-0 place-items-center rounded-lg bg-stone-100 text-[0.65rem] font-extrabold text-stone-700""> {initials(workspace.name)} </span> <span className=""grid min-w-0 flex-1""> <strong className=""truncate text-sm font-semibold""> {workspace.name} </strong> <small className=""capitalize text-stone","","Navigation and interaction","discover_workflows / open_workflow","Navigation, display or reusable control"
"src/components/workspace-switcher.tsx","62","WorkspaceSwitcher","Link","Dynamic/reusable control","href={`/app/${workspace.slug}`}","Navigation and interaction","discover_workflows / open_workflow","Navigation, display or reusable control"
"src/components/workspace-switcher.tsx","82","WorkspaceSwitcher","DropdownMenuItem","<Plus className=""size-4"" aria-hidden=""true"" /> New workspace","","Navigation and interaction","discover_workflows / open_workflow","Navigation, display or reusable control"
"src/components/workspace-switcher.tsx","84","WorkspaceSwitcher","Link","Dynamic/reusable control","href=""/onboarding""","Navigation and interaction","discover_workflows / open_workflow","Navigation, display or reusable control"
"src/app/app/[workspaceSlug]/operations/capacity/page.tsx","65","CapacityPage","form","<label> Start Monday <input name=""startWeek"" type=""date"" defaultValue={data.startWeek} /> </label> <label> Weeks <select name=""weeks"" defaultValue={filters.weeks}> {[4, 8, 12, 16, 26].map((weeks) => ( <option key={weeks}>{weeks}</option> ))} </select> </label> <label> Person <input name=""query"" defaultValue={filters.qu","","Operations","capacity_planning, project_allocations","Business flow / supporting control"
"src/app/app/[workspaceSlug]/operations/capacity/page.tsx","68","CapacityPage","input","""startWeek""","","Operations","capacity_planning, project_allocations","Business flow / supporting control"
"src/app/app/[workspaceSlug]/operations/capacity/page.tsx","72","CapacityPage","select","""weeks""","","Operations","capacity_planning, project_allocations","Business flow / supporting control"
"src/app/app/[workspaceSlug]/operations/capacity/page.tsx","80","CapacityPage","input","""Name""","","Operations","capacity_planning, project_allocations","Business flow / supporting control"
"src/app/app/[workspaceSlug]/operations/capacity/page.tsx","84","CapacityPage","input","""Key or name""","","Operations","capacity_planning, project_allocations","Business flow / supporting control"
"src/app/app/[workspaceSlug]/operations/capacity/page.tsx","90","CapacityPage","button","Apply","","Operations","capacity_planning, project_allocations","Business flow / supporting control"
"src/app/app/[workspaceSlug]/operations/capacity/page.tsx","100","CapacityPage","summary","Schedule availability","","Operations","capacity_planning, project_allocations","Business flow / supporting control"
"src/app/app/[workspaceSlug]/operations/capacity/page.tsx","110","CapacityPage","summary","Add planned allocation","","Operations","capacity_planning, project_allocations","Business flow / supporting control"
"src/components/operations-forms.tsx","35","TimeEntryForm","form","<label> Project <select name=""projectId"" defaultValue={initialProjectId} required> {projects.map((project) => ( <option value={project.id} key={project.id}> {project.key ? `${project.key} · ` : """"} {project.name} </option> ))} </select> </label> <label> Work date <input name=""workDate"" type=""date"" defaultValue={default","onSubmit={async (event) => { event.preventDefault(); setStatus(""Saving…""); const formElement = event.currentTarget; const form = new FormData(formElement); try { await mutate(`/api/v1/workspaces/${workspaceId}/time-entries`, { projectId: form.get(""projectId""), workItemId: initialWorkItemId ?? null, workDate: form.get(""","Operations","capacity_planning, project_allocations, time_tracking","Business flow / supporting control"
"src/components/operations-forms.tsx","63","TimeEntryForm","select","""projectId""","","Operations","capacity_planning, project_allocations, time_tracking","Business flow / supporting control"
"src/components/operations-forms.tsx","74","TimeEntryForm","input","""workDate""","","Operations","capacity_planning, project_allocations, time_tracking","Business flow / supporting control"
"src/components/operations-forms.tsx","83","TimeEntryForm","input","""durationMinutes""","","Operations","capacity_planning, project_allocations, time_tracking","Business flow / supporting control"
"src/components/operations-forms.tsx","94","TimeEntryForm","select","""classification""","","Operations","capacity_planning, project_allocations, time_tracking","Business flow / supporting control"
"src/components/operations-forms.tsx","101","TimeEntryForm","input","""Optional audit context""","","Operations","capacity_planning, project_allocations, time_tracking","Business flow / supporting control"
"src/components/operations-forms.tsx","107","TimeEntryForm","button","Log time","","Operations","capacity_planning, project_allocations, time_tracking","Business flow / supporting control"
"src/components/operations-forms.tsx","121","AvailabilityForm","form","<label> Applies to <select name=""memberId""> <option value="""">Workspace default</option> {members.map((member) => ( <option value={member.id} key={member.id}> {member.name} </option> ))} </select> </label> <label> Minutes / week <input name=""weeklyMinutes"" type=""number"" min=""0"" max=""10080"" defaultValue=""2400"" required /","onSubmit={async (event) => { event.preventDefault(); setStatus(""Saving…""); const form = new FormData(event.currentTarget); const memberId = String(form.get(""memberId"") ?? """"); const url = memberId ? `/api/v1/workspaces/${workspaceId}/capacity/members/${memberId}/availability` : `/api/v1/workspaces/${workspaceId}/capaci","Operations","capacity_planning, project_allocations, time_tracking","Business flow / supporting control"
"src/components/operations-forms.tsx","149","AvailabilityForm","select","""memberId""","","Operations","capacity_planning, project_allocations, time_tracking","Business flow / supporting control"
"src/components/operations-forms.tsx","160","AvailabilityForm","input","""weeklyMinutes""","","Operations","capacity_planning, project_allocations, time_tracking","Business flow / supporting control"
"src/components/operations-forms.tsx","171","AvailabilityForm","input","""effectiveFrom""","","Operations","capacity_planning, project_allocations, time_tracking","Business flow / supporting control"
"src/components/operations-forms.tsx","178","AvailabilityForm","button","Set availability","","Operations","capacity_planning, project_allocations, time_tracking","Business flow / supporting control"
"src/components/operations-forms.tsx","198","AllocationForm","form","<label> Person <select name=""memberUserId"" required> {members.map((member) => ( <option value={member.id} key={member.id}> {member.name} </option> ))} </select> </label> <label> Project <select name=""projectId"" required> {projects.map((project) => ( <option value={project.id} key={project.id}> {project.key} · {project.","onSubmit={async (event) => { event.preventDefault(); setStatus(""Saving…""); const form = new FormData(event.currentTarget); try { await mutate(`/api/v1/workspaces/${workspaceId}/allocations`, { memberUserId: form.get(""memberUserId""), projectId: form.get(""projectId""), startWeek: form.get(""startWeek""), endWeek: form.get(""","Operations","capacity_planning, project_allocations, time_tracking","Business flow / supporting control"
"src/components/operations-forms.tsx","226","AllocationForm","select","""memberUserId""","","Operations","capacity_planning, project_allocations, time_tracking","Business flow / supporting control"
"src/components/operations-forms.tsx","236","AllocationForm","select","""projectId""","","Operations","capacity_planning, project_allocations, time_tracking","Business flow / supporting control"
"src/components/operations-forms.tsx","246","AllocationForm","input","""startWeek""","","Operations","capacity_planning, project_allocations, time_tracking","Business flow / supporting control"
"src/components/operations-forms.tsx","255","AllocationForm","input","""endWeek""","","Operations","capacity_planning, project_allocations, time_tracking","Business flow / supporting control"
"src/components/operations-forms.tsx","259","AllocationForm","input","""plannedMinutesPerWeek""","","Operations","capacity_planning, project_allocations, time_tracking","Business flow / supporting control"
"src/components/operations-forms.tsx","270","AllocationForm","input","""Optional""","","Operations","capacity_planning, project_allocations, time_tracking","Business flow / supporting control"
"src/components/operations-forms.tsx","272","AllocationForm","button","Add allocation","","Operations","capacity_planning, project_allocations, time_tracking","Business flow / supporting control"
"src/app/app/[workspaceSlug]/operations/exposure/page.tsx","38","ExposurePage","form","<label> Search <input name=""query"" defaultValue={filters.query} placeholder=""Project, key, or client"" /> </label> <label> Lifecycle <select name=""lifecycle"" defaultValue={filters.lifecycle}> <option value=""active"">Active</option> <option value=""completed"">Completed</option> <option value=""archived"">Archived</option> <o","","Operations","commercial_exposure","Business flow / supporting control"
"src/app/app/[workspaceSlug]/operations/exposure/page.tsx","41","ExposurePage","input","""Project, key, or client""","","Operations","commercial_exposure","Business flow / supporting control"
"src/app/app/[workspaceSlug]/operations/exposure/page.tsx","49","ExposurePage","select","""lifecycle""","","Operations","commercial_exposure","Business flow / supporting control"
"src/app/app/[workspaceSlug]/operations/exposure/page.tsx","56","ExposurePage","button","Apply","","Operations","commercial_exposure","Business flow / supporting control"
"src/app/app/[workspaceSlug]/operations/page.tsx","34","PortfolioPage","form","<label> Search <input name=""query"" defaultValue={filters.query} placeholder=""Project, key, or client"" /> </label> <label> Lifecycle <select name=""lifecycle"" defaultValue={filters.lifecycle}> <option value=""active"">Active</option> <option value=""completed"">Completed</option> <option value=""archived"">Archived</option> <o","","Operations","portfolio_review","Business flow / supporting control"
"src/app/app/[workspaceSlug]/operations/page.tsx","37","PortfolioPage","input","""Project, key, or client""","","Operations","portfolio_review","Business flow / supporting control"
"src/app/app/[workspaceSlug]/operations/page.tsx","45","PortfolioPage","select","""lifecycle""","","Operations","portfolio_review","Business flow / supporting control"
"src/app/app/[workspaceSlug]/operations/page.tsx","54","PortfolioPage","select","""attention""","","Operations","portfolio_review","Business flow / supporting control"
"src/app/app/[workspaceSlug]/operations/page.tsx","63","PortfolioPage","button","Apply","","Operations","portfolio_review","Business flow / supporting control"
"src/components/operations-workspace.tsx","58","OperationsHeader","Link","{label}","href={href}","Operations","portfolio_review, capacity_planning, project_allocations, time_tracking, commercial_exposure","Business flow / supporting control"
"src/components/operations-workspace.tsx","98","PortfolioLedger","Link","<strong>{project.key}</strong> · {project.name}","href={`/app/${workspaceSlug}/projects/${project.key}`}","Operations","portfolio_review, capacity_planning, project_allocations, time_tracking, commercial_exposure","Business flow / supporting control"
"src/components/operations-workspace.tsx","118","PortfolioLedger","Link","{attentionLabels[signal.category]} <span>{signal.count}</span>","href={signal.href}","Operations","portfolio_review, capacity_planning, project_allocations, time_tracking, commercial_exposure","Business flow / supporting control"
"src/components/operations-workspace.tsx","169","CapacityLedger","summary","<span> <strong>{week.week}</strong> <small>ISO week</small> </span> <span> <strong>{formatMinutes(week.availableMinutes)}</strong> <small>Available</small> </span> <span> <strong>{formatMinutes(week.allocatedMinutes)}</strong> <small>Planned</small> </span> <span> <strong>{formatMinutes(week.actualMinutes)}</strong> <s","","Operations","portfolio_review, capacity_planning, project_allocations, time_tracking, commercial_exposure","Business flow / supporting control"
"src/components/operations-workspace.tsx","291","ExposureLedger","summary","<span> <strong> {project.key} · {project.name} </strong> <small>{project.clientName}</small> </span> <span> <strong>{moneyList(project.summary.confirmed.money)}</strong> <small>Confirmed impact</small> </span> <span> <strong>{moneyList(project.summary.pending.money)}</strong> <small>Pending exposure</small> </span> <sp","","Operations","portfolio_review, capacity_planning, project_allocations, time_tracking, commercial_exposure","Business flow / supporting control"
"src/components/operations-workspace.tsx","416","EmptyState","Link","{action}","href={href}","Operations","portfolio_review, capacity_planning, project_allocations, time_tracking, commercial_exposure","Business flow / supporting control"
"src/app/app/[workspaceSlug]/operations/time/page.tsx","54","TimePage","summary","Log delivery time","","Operations","time_tracking","Business flow / supporting control"
"src/app/app/[workspaceSlug]/operations/time/page.tsx","68","TimePage","form","<label> Time-entry project <input name=""projectQuery"" defaultValue={projectQuery} placeholder=""Key or name"" /> </label> <label> From <input name=""from"" type=""date"" defaultValue={filters.from} /> </label> <label> To <input name=""to"" type=""date"" defaultValue={filters.to} /> </label> <label> Classification <select name=""c","","Operations","time_tracking","Business flow / supporting control"
"src/app/app/[workspaceSlug]/operations/time/page.tsx","71","TimePage","input","""Key or name""","","Operations","time_tracking","Business flow / supporting control"
"src/app/app/[workspaceSlug]/operations/time/page.tsx","79","TimePage","input","""from""","","Operations","time_tracking","Business flow / supporting control"
"src/app/app/[workspaceSlug]/operations/time/page.tsx","83","TimePage","input","""to""","","Operations","time_tracking","Business flow / supporting control"
"src/app/app/[workspaceSlug]/operations/time/page.tsx","87","TimePage","select","""classification""","","Operations","time_tracking","Business flow / supporting control"
"src/app/app/[workspaceSlug]/operations/time/page.tsx","96","TimePage","button","Apply","","Operations","time_tracking","Business flow / supporting control"
"src/app/page.tsx","34","Home","a","Skip to content","href=""#main-content""","Public site","pilot_interest","Public navigation / pilot application"
"src/app/page.tsx","43","Home","Link","Sign in","href=""/sign-in""","Public site","pilot_interest","Public navigation / pilot application"
"src/app/page.tsx","44","Home","a","Apply for the pilot <ArrowRight aria-hidden=""true"" />","href=""#pilot""","Public site","pilot_interest","Public navigation / pilot application"
"src/app/page.tsx","63","Home","a","Apply for a paid pilot <ArrowRight aria-hidden=""true"" />","href=""#pilot""","Public site","pilot_interest","Public navigation / pilot application"
"src/app/page.tsx","66","Home","a","Explore the decision flow <ArrowDown aria-hidden=""true"" />","href=""#decision""","Public site","pilot_interest","Public navigation / pilot application"
"src/app/page.tsx","227","Home","Link","Open your workspace","href=""/sign-in""","Public site","pilot_interest","Public navigation / pilot application"
"src/components/lead-form.tsx","114","LeadForm","form","<div className=""form-grid""> <FormField id=""name"" label=""Your name"" error={fieldErrors.name} required > <Input id=""name"" name=""name"" autoComplete=""name"" value={values.name} maxLength={leadFieldLimits.name} aria-invalid={Boolean(fieldErrors.name)} aria-describedby={fieldErrors.name ? ""name-error"" : undefined} onChange={(","onSubmit={handleSubmit}","Public site","pilot_interest","Public navigation / pilot application"
"src/components/lead-form.tsx","122","LeadForm","Input","""name""","onChange={(event) => updateValue(""name"", event.target.value)}","Public site","pilot_interest","Public navigation / pilot application"
"src/components/lead-form.tsx","140","LeadForm","Input","""email""","onChange={(event) => updateValue(""email"", event.target.value)}","Public site","pilot_interest","Public navigation / pilot application"
"src/components/lead-form.tsx","160","LeadForm","select","""businessType""","onChange={(event) => updateValue( ""businessType"", event.target.value as FormValues[""businessType""], ) }","Public site","pilot_interest","Public navigation / pilot application"
"src/components/lead-form.tsx","187","LeadForm","Input","""company""","onChange={(event) => updateValue(""company"", event.target.value)}","Public site","pilot_interest","Public navigation / pilot application"
"src/components/lead-form.tsx","207","LeadForm","Textarea","""scopeChallenge""","onChange={(event) => updateValue(""scopeChallenge"", event.target.value) }","Public site","pilot_interest","Public navigation / pilot application"
"src/components/lead-form.tsx","227","LeadForm","Input","""website""","onChange={(event) => updateValue(""website"", event.target.value)}","Public site","pilot_interest","Public navigation / pilot application"
"src/components/lead-form.tsx","243","LeadForm","Button","{isSubmitting ? ""Sending application…"" : ""Apply for a paid pilot""} <span aria-hidden=""true"">↗</span>","","Public site","pilot_interest","Public navigation / pilot application"
